platform,content,score,user,time,movie_id,clean_content,words,word_count,words_str
豆瓣电影,原来人死后还要继续干生前的活儿是真的。,4,了不起的花轮君,2023-01-22 16:31:45,35267208,原来人死后还要继续干生前的活儿是真的。,"['原来', '人死', '还要', '继续', '生前', '活儿', '真的']",7,原来 人死 还要 继续 生前 活儿 真的
豆瓣电影,不必对比什么 作为里程碑他已经无敌,5,电子梦,2023-01-22 12:01:06,35267208,不必对比什么 作为里程碑他已经无敌,"['不必', '对比', '作为', '里程碑', '已经', '无敌']",6,不必 对比 作为 里程碑 已经 无敌
豆瓣电影,“这是俄罗斯的型号，没有安全保险，只有两个扳机。”,4,无名英熊,2023-01-22 19:19:50,35267208,这是俄罗斯的型号，没有安全保险，只有两个扳机。,"['这是', '俄罗斯', '型号', '安全', '保险', '两个', '扳机']",7,这是 俄罗斯 型号 安全 保险 两个 扳机
豆瓣电影,2019年看第一部的时候就想着，回国之后如果能在这样的剧组工作就好了，结果今年就真的在这部的片尾字幕了。🥰与有荣焉。今天很想念组里的朋友们。,5,DrunkenPeach,2023-01-22 13:57:05,35267208,年看第一部的时候就想着，回国之后如果能在这样的剧组工作就好了，结果今年就真的在这部的片尾字幕了。与有荣焉。今天很想念组里的朋友们。,"['第一部', '时候', '想着', '回国', '之后', '剧组', '工作', '结果', '今年', '真的', '这部', '片尾', '字幕', '有荣', '今天', '想念', '组里', '朋友']",18,第一部 时候 想着 回国 之后 剧组 工作 结果 今年 真的 这部 片尾 字幕 有荣 今天 想念 组里 朋友
豆瓣电影,刘德华那条线，给整个电影情节优化了不止一点儿，尤其是溺水后推开门的那一刻，我瞬间：“这是国产电影能有的剧情吗？”,5,关山难越,2023-01-22 16:27:22,35267208,刘德华那条线，给整个电影情节优化了不止一点儿，尤其是溺水后推开门的那一刻，我瞬间：这是国产电影能有的剧情吗？,"['刘德华', '那条', '整个', '电影', '情节', '优化', '不止', '一点儿', '尤其', '溺水', '推开', '那一刻', '瞬间', '这是', '国产电影', '剧情']",16,刘德华 那条 整个 电影 情节 优化 不止 一点儿 尤其 溺水 推开 那一刻 瞬间 这是 国产电影 剧情
豆瓣电影,"《流浪地球》系列，单枪匹马，把中国的科幻电影提升到世界级水平。
这不是老套的个人英雄主义冒险故事，而是一个宏大的全人类史诗。
但是，173分钟的片长，三条缺乏交互的故事线，慢热的节奏，劝退路人的冗长数字生命线，确实是讨好了影迷与科幻迷，可无疑也是提高了对广大路人的门槛。
豆瓣用户狂吹刘德华线，但电影院里刘德华线却让很多观众低头玩手机。
2023年1月22日，刘培强先生，生日快乐！
可能也就世界末日了，房价才会跌。
最后，这不比《阿凡达2》的家庭伦理与美式霸凌好看?",5,碎玉屠龙,2023-01-22 12:11:21,35267208,《流浪地球》系列，单枪匹马，把中国的科幻电影提升到世界级水平。 这不是老套的个人英雄主义冒险故事，而是一个宏大的全人类史诗。 但是，分钟的片长，三条缺乏交互的故事线，慢热的节奏，劝退路人的冗长数字生命线，确实是讨好了影迷与科幻迷，可无疑也是提高了对广大路人的门槛。 豆瓣用户狂吹刘德华线，但电影院里刘德华线却让很多观众低头玩手机。 年月日，刘培强先生，生日快乐！ 可能也就世界末日了，房价才会跌。 最后，这不比《阿凡达》的家庭伦理与美式霸凌好看,"['流浪', '地球', '系列', '单枪匹马', '中国', '科幻电影', '提升', '世界级', '水平', '不是', '老套', '个人', '英雄主义', '冒险', '故事', '而是', '宏大', '全人类', '史诗', '分钟', '片长', '三条', '缺乏', '交互', '故事', '慢热', '节奏', '退路', '冗长', '数字', '生命线', '确实', '讨好', '影迷', '科幻', '无疑', '提高', '广大', '路人', '门槛', '豆瓣', '用户', '狂吹', '刘德华', '电影院', '刘德华', '很多', '观众', '低头', '手机', '年月日', '刘培强', '先生', '生日快乐', '可能', '世界末日', '房价', '最后', '这不比', '阿凡', '家庭', '伦理', '美式', '霸凌', '好看']",65,流浪 地球 系列 单枪匹马 中国 科幻电影 提升 世界级 水平 不是 老套 个人 英雄主义 冒险 故事 而是 宏大 全人类 史诗 分钟 片长 三条 缺乏 交互 故事 慢热 节奏 退路 冗长 数字 生命线 确实 讨好 影迷 科幻 无疑 提高 广大 路人 门槛 豆瓣 用户 狂吹 刘德华 电影院 刘德华 很多 观众 低头 手机 年月日 刘培强 先生 生日快乐 可能 世界末日 房价 最后 这不比 阿凡 家庭 伦理 美式 霸凌 好看
豆瓣电影,笨笨！！你是军犬！！,5,水逆退散,2023-01-22 16:30:59,35267208,笨笨！！你是军犬！！,"['笨笨', '军犬']",2,笨笨 军犬
豆瓣电影,我看有些人说又红又爹，感觉确实有点儿。但是点完头我又想，美国哪部电影不是又“蓝”又“宇宙第一”？,5,玛丽莲萌鹿,2023-01-24 19:03:12,35267208,我看有些人说又红又爹，感觉确实有点儿。但是点完头我又想，美国哪部电影不是又蓝又宇宙第一？,"['有些', '感觉', '确实', '有点儿', '完头', '美国', '哪部', '电影', '不是', '宇宙', '第一']",11,有些 感觉 确实 有点儿 完头 美国 哪部 电影 不是 宇宙 第一
豆瓣电影,三星半。郭帆拍片的恳切，在场景设计和视效的细腻度上，被展现得淋漓尽致，又一次拉高了中国科幻作品的工业水准。雪健老师依旧老辣，刘德华则收获了近年来最有挑战的角色。可惜的是，这部续作在叙事层面太过松散，刘培强、图恒宇两条主线并行，还要给周喆直超大篇幅，以至于情节取舍变得犹疑不决，这对节奏先行的科幻片来说是大忌。角色的篆刻比重，是该系列在未来第一优先要做的功课。,3,HarperDie,2023-01-22 11:53:37,35267208,三星半。郭帆拍片的恳切，在场景设计和视效的细腻度上，被展现得淋漓尽致，又一次拉高了中国科幻作品的工业水准。雪健老师依旧老辣，刘德华则收获了近年来最有挑战的角色。可惜的是，这部续作在叙事层面太过松散，刘培强、图恒宇两条主线并行，还要给周喆直超大篇幅，以至于情节取舍变得犹疑不决，这对节奏先行的科幻片来说是大忌。角色的篆刻比重，是该系列在未来第一优先要做的功课。,"['三星', '郭帆', '拍片', '恳切', '场景', '设计', '视效', '细腻', '度上', '展现', '淋漓尽致', '一次', '拉高', '中国', '科幻', '作品', '工业', '水准', '雪健', '老师', '依旧', '老辣', '刘德华', '收获', '近年来', '最有', '挑战', '角色', '可惜', '这部', '续作', '叙事', '层面', '太过', '松散', '刘培强', '图恒宇', '两条', '主线', '并行', '还要', '周喆直', '超大', '篇幅', '以至于', '情节', '取舍', '变得', '犹疑不决', '节奏', '先行', '科幻片', '大忌', '角色', '篆刻', '比重', '系列', '未来', '第一', '优先', '功课']",61,三星 郭帆 拍片 恳切 场景 设计 视效 细腻 度上 展现 淋漓尽致 一次 拉高 中国 科幻 作品 工业 水准 雪健 老师 依旧 老辣 刘德华 收获 近年来 最有 挑战 角色 可惜 这部 续作 叙事 层面 太过 松散 刘培强 图恒宇 两条 主线 并行 还要 周喆直 超大 篇幅 以至于 情节 取舍 变得 犹疑不决 节奏 先行 科幻片 大忌 角色 篆刻 比重 系列 未来 第一 优先 功课
豆瓣电影,放几年前，我会跟着愤青一起骂，骂故事写的不好，骂节奏，但其实我的阅片量来讲根本不懂这些。无非就是跟风黑，显得自己多专业一样。现在呢？有一部电影3个小时让我不困，让我感慨，让我跟着它的思路去走，还能看到中国电影人走向世界的野心，就已经足够了。,5,一叶小江南,2023-01-23 09:13:12,35267208,放几年前，我会跟着愤青一起骂，骂故事写的不好，骂节奏，但其实我的阅片量来讲根本不懂这些。无非就是跟风黑，显得自己多专业一样。现在呢？有一部电影个小时让我不困，让我感慨，让我跟着它的思路去走，还能看到中国电影人走向世界的野心，就已经足够了。,"['几年', '我会', '跟着', '愤青', '一起', '故事', '不好', '节奏', '阅片量', '来讲', '根本', '这些', '无非', '跟风', '显得', '专业', '一样', '现在', '一部', '电影', '小时', '不困', '感慨', '跟着', '思路', '看到', '中国', '电影', '走向世界', '野心', '已经', '足够']",32,几年 我会 跟着 愤青 一起 故事 不好 节奏 阅片量 来讲 根本 这些 无非 跟风 显得 专业 一样 现在 一部 电影 小时 不困 感慨 跟着 思路 看到 中国 电影 走向世界 野心 已经 足够
豆瓣电影,刘德华那条线有点儿意思，为这个系列电影开启了新维度。太长了，删减强制煽情正能量能短30min。,4,崇魔媚沪的王黑,2023-01-22 12:06:58,35267208,刘德华那条线有点儿意思，为这个系列电影开启了新维度。太长了，删减强制煽情正能量能短min。,"['刘德华', '那条', '有点儿', '意思', '这个', '系列', '电影', '开启', '维度', '太长', '删减', '强制', '煽情', '能量', 'min']",15,刘德华 那条 有点儿 意思 这个 系列 电影 开启 维度 太长 删减 强制 煽情 能量 min
豆瓣电影,看完了，大年初一就在电影院哭了，那种与天斗与人斗与命运斗只为了未知的未来和理想奋斗的中式硬核浪漫让人心潮澎湃。李雪健那个角色在大会的发言真的超牛，大刘笔下的科幻真是处处有着中国人特有的务实和真诚，好喜欢，这电影真的太特么牛批了！,5,🛸,2023-01-22 12:13:50,35267208,看完了，大年初一就在电影院哭了，那种与天斗与人斗与命运斗只为了未知的未来和理想奋斗的中式硬核浪漫让人心潮澎湃。李雪健那个角色在大会的发言真的超牛，大刘笔下的科幻真是处处有着中国人特有的务实和真诚，好喜欢，这电影真的太特么牛批了！,"['大年初一', '电影院', '那种', '天斗', '人斗', '命运', '为了', '未知', '未来', '理想', '奋斗', '中式', '硬核', '浪漫', '心潮澎湃', '李雪健', '那个', '角色', '大会', '发言', '真的', '超牛', '笔下', '科幻', '真是', '处处', '有着', '中国', '特有', '务实', '真诚', '喜欢', '电影', '真的', '太特', '牛批']",36,大年初一 电影院 那种 天斗 人斗 命运 为了 未知 未来 理想 奋斗 中式 硬核 浪漫 心潮澎湃 李雪健 那个 角色 大会 发言 真的 超牛 笔下 科幻 真是 处处 有着 中国 特有 务实 真诚 喜欢 电影 真的 太特 牛批
豆瓣电影,四星+一星鼓励，值得八分以上的佳作！还有我不理解 看了会睡觉一般是不感兴趣 看了骂依托答辩的都是什么脑回路。美国拍科幻片就能泛滥煽情主旋律，中国就不能是吧。美国就能输出，中国就不能是吧。再说了，我是真没看出来有多主旋律了，要硬说是主旋律的话我认为是人类命运共同体。《星际穿越》可以有亲情，生孩子没问题，到《流浪地球》这就催婚催生了是吧?《星际穿越》里美国人可以拯救全人类，《流浪地球》里中国人就不能拯救世界了是吧?《星际穿越》里可以抛弃一大部分人类，然后一小部分人类放弃地球和太阳系去新星球生存，《流浪地球》就不能有家国情怀，带着剩余一半的人类和地球去寻找新家园是吧?我只能说戴有色眼镜去看总能在鸡蛋里挑出来骨头。当然，上述这些是我好兄弟宸老师（豆瓣可以搜到）以及我亲身经历而有的输出。,5,一堆曲别针,2023-01-22 23:41:49,35267208,四星一星鼓励，值得八分以上的佳作！还有我不理解 看了会睡觉一般是不感兴趣 看了骂依托答辩的都是什么脑回路。美国拍科幻片就能泛滥煽情主旋律，中国就不能是吧。美国就能输出，中国就不能是吧。再说了，我是真没看出来有多主旋律了，要硬说是主旋律的话我认为是人类命运共同体。《星际穿越》可以有亲情，生孩子没问题，到《流浪地球》这就催婚催生了是吧《星际穿越》里美国人可以拯救全人类，《流浪地球》里中国人就不能拯救世界了是吧《星际穿越》里可以抛弃一大部分人类，然后一小部分人类放弃地球和太阳系去新星球生存，《流浪地球》就不能有家国情怀，带着剩余一半的人类和地球去寻找新家园是吧我只能说戴有色眼镜去看总能在鸡蛋里挑出来骨头。当然，上述这些是我好兄弟宸老师（豆瓣可以搜到）以及我亲身经历而有的输出。,"['四星', '一星', '鼓励', '值得', '八分', '以上', '佳作', '理解', '睡觉', '一般', '不感兴趣', '依托', '答辩', '回路', '美国', '科幻片', '泛滥', '煽情', '主旋律', '中国', '不能', '美国', '输出', '中国', '不能', '再说', '出来', '主旋律', '硬说是', '主旋律', '的话', '认为', '人类', '命运', '共同体', '星际', '穿越', '亲情', '孩子', '问题', '流浪', '地球', '催婚', '催生', '星际', '穿越', '美国', '拯救', '全人类', '流浪', '地球', '中国', '不能', '拯救', '世界', '星际', '穿越', '抛弃', '一大部分', '人类', '然后', '一小部分', '人类', '放弃', '地球', '太阳系', '星球', '生存', '流浪', '地球', '不能', '有家国', '情怀', '剩余', '一半', '人类', '地球', '寻找', '新家园', '只能', '有色眼镜', '总能', '鸡蛋里挑', '出来', '骨头', '当然', '上述', '这些', '兄弟', '老师', '豆瓣', '以及', '亲身经历', '输出']",94,四星 一星 鼓励 值得 八分 以上 佳作 理解 睡觉 一般 不感兴趣 依托 答辩 回路 美国 科幻片 泛滥 煽情 主旋律 中国 不能 美国 输出 中国 不能 再说 出来 主旋律 硬说是 主旋律 的话 认为 人类 命运 共同体 星际 穿越 亲情 孩子 问题 流浪 地球 催婚 催生 星际 穿越 美国 拯救 全人类 流浪 地球 中国 不能 拯救 世界 星际 穿越 抛弃 一大部分 人类 然后 一小部分 人类 放弃 地球 太阳系 星球 生存 流浪 地球 不能 有家国 情怀 剩余 一半 人类 地球 寻找 新家园 只能 有色眼镜 总能 鸡蛋里挑 出来 骨头 当然 上述 这些 兄弟 老师 豆瓣 以及 亲身经历 输出
豆瓣电影,故事冗长且稀碎。想讲的太多，一样都没有完全说清楚。我全程给我妈讲解，坐我旁边的也在全程给他妈讲解。其实2044年那段没有塞在这部里的必要。关于生命和文明，现实和虚拟，只有标签和口号，没有智性的讨论。全程就是看一群固执的爹抗拒自然，不被任何人和事说服甚至动摇，强行按自己的意志支配地球和地球上的所有生命，并称之为「勇气」，前脚才感叹「人类把最强的密码用在了互相攻击的武器上」后腿就把人类分成「我们的」和「你们的」一面想当老大「我们比你们其他任何人都要正确伟大光荣，听我们的就对了」一面装和气「我们是为全人类考虑，是在（为我们伟大光荣正确的决策所造成的后果）承担责任，不是想搞强霸」，全片刻意制造的笑点，都没有这种又啥又啥的自我矛盾好笑。,3,小斑,2023-01-22 16:17:58,35267208,故事冗长且稀碎。想讲的太多，一样都没有完全说清楚。我全程给我妈讲解，坐我旁边的也在全程给他妈讲解。其实年那段没有塞在这部里的必要。关于生命和文明，现实和虚拟，只有标签和口号，没有智性的讨论。全程就是看一群固执的爹抗拒自然，不被任何人和事说服甚至动摇，强行按自己的意志支配地球和地球上的所有生命，并称之为「勇气」，前脚才感叹「人类把最强的密码用在了互相攻击的武器上」后腿就把人类分成「我们的」和「你们的」一面想当老大「我们比你们其他任何人都要正确伟大光荣，听我们的就对了」一面装和气「我们是为全人类考虑，是在（为我们伟大光荣正确的决策所造成的后果）承担责任，不是想搞强霸」，全片刻意制造的笑点，都没有这种又啥又啥的自我矛盾好笑。,"['故事', '冗长', '稀碎', '一样', '完全', '清楚', '全程', '讲解', '旁边', '全程', '讲解', '那段', '这部', '必要', '关于', '生命', '文明', '现实', '虚拟', '标签', '口号', '智性', '讨论', '全程', '一群', '固执', '抗拒', '自然', '任何人', '说服', '甚至', '动摇', '强行', '意志', '支配', '地球', '地球', '所有', '生命', '称之为', '勇气', '前脚', '感叹', '人类', '最强', '密码', '互相攻击', '武器', '后腿', '人类', '分成', '我们', '你们', '一面', '想当', '老大', '我们', '你们', '其他', '任何人', '正确', '伟大光荣', '我们', '一面', '装和气', '我们', '全人类', '考虑', '我们', '伟大光荣', '正确', '决策', '造成', '后果', '承担责任', '不是', '强霸', '片刻', '制造', '这种', '自我', '矛盾', '好笑']",83,故事 冗长 稀碎 一样 完全 清楚 全程 讲解 旁边 全程 讲解 那段 这部 必要 关于 生命 文明 现实 虚拟 标签 口号 智性 讨论 全程 一群 固执 抗拒 自然 任何人 说服 甚至 动摇 强行 意志 支配 地球 地球 所有 生命 称之为 勇气 前脚 感叹 人类 最强 密码 互相攻击 武器 后腿 人类 分成 我们 你们 一面 想当 老大 我们 你们 其他 任何人 正确 伟大光荣 我们 一面 装和气 我们 全人类 考虑 我们 伟大光荣 正确 决策 造成 后果 承担责任 不是 强霸 片刻 制造 这种 自我 矛盾 好笑
豆瓣电影,不要破坏太空电梯！我以后要坐的！,5,Exodus,2023-01-23 19:23:03,35267208,不要破坏太空电梯！我以后要坐的！,"['不要', '破坏', '太空', '电梯', '以后']",5,不要 破坏 太空 电梯 以后
豆瓣电影,照古人的月亮将要毁灭今人，进化后的系统阻挡人类存续。人类制造复杂的密码用于相互毁灭，也诞生伟大的文明用于股骨愈合。宇宙里的小小白点是我们的一切，移山让人类的未来有了方向，科技却让数字的生命成为了可能。我们要活在电缆里荧屏中让意识自主永恒，还是心怀蓝天让躯体等到鲜花挂满枝头的瞬间。,5,西楼尘,2023-01-22 13:30:14,35267208,照古人的月亮将要毁灭今人，进化后的系统阻挡人类存续。人类制造复杂的密码用于相互毁灭，也诞生伟大的文明用于股骨愈合。宇宙里的小小白点是我们的一切，移山让人类的未来有了方向，科技却让数字的生命成为了可能。我们要活在电缆里荧屏中让意识自主永恒，还是心怀蓝天让躯体等到鲜花挂满枝头的瞬间。,"['古人', '月亮', '将要', '毁灭', '今人', '进化', '系统', '阻挡', '人类', '存续', '人类', '制造', '复杂', '密码', '用于', '相互', '毁灭', '诞生', '伟大', '文明', '用于', '股骨', '愈合', '宇宙', '小小白', '我们', '一切', '移山', '人类', '未来', '方向', '科技', '数字', '生命', '成为', '可能', '我们', '要活', '电缆', '荧屏', '意识', '自主', '永恒', '心怀', '蓝天', '躯体', '等到', '鲜花', '挂满', '枝头', '瞬间']",51,古人 月亮 将要 毁灭 今人 进化 系统 阻挡 人类 存续 人类 制造 复杂 密码 用于 相互 毁灭 诞生 伟大 文明 用于 股骨 愈合 宇宙 小小白 我们 一切 移山 人类 未来 方向 科技 数字 生命 成为 可能 我们 要活 电缆 荧屏 意识 自主 永恒 心怀 蓝天 躯体 等到 鲜花 挂满 枝头 瞬间
豆瓣电影,看到沙溢扮演的师傅喊出五十岁以上的出列时还是忍不住落泪,4,特凡人,2023-01-22 13:25:43,35267208,看到沙溢扮演的师傅喊出五十岁以上的出列时还是忍不住落泪,"['看到', '沙溢', '扮演', '师傅', '五十岁', '以上', '出列时', '忍不住', '落泪']",9,看到 沙溢 扮演 师傅 五十岁 以上 出列时 忍不住 落泪
豆瓣电影,没有预期好，就是个纪录片，情节太平淡。最佩服李雪健，屁事都没做，什么情况都不知道，就他信心最足，信念坚定，要真都他来做决定，都得玩完。,3,michaelz,2023-01-23 16:06:46,35267208,没有预期好，就是个纪录片，情节太平淡。最佩服李雪健，屁事都没做，什么情况都不知道，就他信心最足，信念坚定，要真都他来做决定，都得玩完。,"['预期', '纪录片', '情节', '平淡', '佩服', '李雪健', '屁事', '情况', '知道', '信心', '最足', '信念', '坚定', '决定', '玩完']",15,预期 纪录片 情节 平淡 佩服 李雪健 屁事 情况 知道 信心 最足 信念 坚定 决定 玩完
豆瓣电影,我的建议是，把网络服务中心迁移到高原上来,4,momo,2023-01-22 23:38:29,35267208,我的建议是，把网络服务中心迁移到高原上来,"['建议', '网络', '服务中心', '迁移', '高原', '上来']",6,建议 网络 服务中心 迁移 高原 上来
豆瓣电影,刚看完，特效国产最顶，故事情节也好，演员全部演的好,5,听见你的声音,2023-01-22 11:56:54,35267208,刚看完，特效国产最顶，故事情节也好，演员全部演的好,"['刚看', '特效', '国产', '最顶', '故事情节', '也好', '演员', '全部']",8,刚看 特效 国产 最顶 故事情节 也好 演员 全部
豆瓣电影,笨笨  你是条军犬！,4,漂亮宝贝不干了,2023-01-22 20:58:51,35267208,笨笨 你是条军犬！,"['笨笨', '军犬']",2,笨笨 军犬
豆瓣电影,没有预期好，就是个纪录片，情节太平淡。最佩服李雪健，屁事都没做，什么情况都不知道，就他信心最足，信念坚定，要真都他来做决定，都得玩完。,3,michaelz,2023-01-23 16:06:46,35267208,没有预期好，就是个纪录片，情节太平淡。最佩服李雪健，屁事都没做，什么情况都不知道，就他信心最足，信念坚定，要真都他来做决定，都得玩完。,"['预期', '纪录片', '情节', '平淡', '佩服', '李雪健', '屁事', '情况', '知道', '信心', '最足', '信念', '坚定', '决定', '玩完']",15,预期 纪录片 情节 平淡 佩服 李雪健 屁事 情况 知道 信心 最足 信念 坚定 决定 玩完
豆瓣电影,建议前面一小时一剪没。,4,麻薯奶油波波兔,2023-01-23 12:15:10,35267208,建议前面一小时一剪没。,"['建议', '前面', '小时', '一剪']",4,建议 前面 小时 一剪
豆瓣电影,比第一部的视野磅礴，有更加深入的思考，尤其是刘德华的那条数字生命计划线，也是为第三部埋下的彩蛋。特别不喜欢李雪健最后点火时的迷之自信和沙溢的50岁以上出列，充斥着强烈的自我感动和群体绑架。最喜欢的人物是宁理的马兆，代表理性之光，只有在他那里，人类存在的意义和人类之于万物的地位才是最理性的。,4,影随茵动,2023-01-24 23:20:34,35267208,比第一部的视野磅礴，有更加深入的思考，尤其是刘德华的那条数字生命计划线，也是为第三部埋下的彩蛋。特别不喜欢李雪健最后点火时的迷之自信和沙溢的岁以上出列，充斥着强烈的自我感动和群体绑架。最喜欢的人物是宁理的马兆，代表理性之光，只有在他那里，人类存在的意义和人类之于万物的地位才是最理性的。,"['第一部', '视野', '磅礴', '更加', '深入', '思考', '尤其', '刘德华', '那条', '数字', '生命', '计划', '第三部', '埋下', '彩蛋', '特别', '喜欢', '李雪健', '最后', '点火', '自信', '沙溢', '以上', '充斥', '强烈', '自我', '感动', '群体', '绑架', '喜欢', '人物', '宁理', '马兆', '代表', '理性', '之光', '那里', '人类', '存在', '意义', '人类', '万物', '地位', '理性']",44,第一部 视野 磅礴 更加 深入 思考 尤其 刘德华 那条 数字 生命 计划 第三部 埋下 彩蛋 特别 喜欢 李雪健 最后 点火 自信 沙溢 以上 充斥 强烈 自我 感动 群体 绑架 喜欢 人物 宁理 马兆 代表 理性 之光 那里 人类 存在 意义 人类 万物 地位 理性
豆瓣电影,绝对是亚洲科幻大片第一档，但娱乐性上跟好莱坞还是有差距。虽然这些年好莱坞的大片难看在故事越讲越小，任你宇宙爆炸也是拍家人和解，但这部又过于宏大叙事，情感上动人的点太少了,4,根,2023-01-26 00:44:47,35267208,绝对是亚洲科幻大片第一档，但娱乐性上跟好莱坞还是有差距。虽然这些年好莱坞的大片难看在故事越讲越小，任你宇宙爆炸也是拍家人和解，但这部又过于宏大叙事，情感上动人的点太少了,"['绝对', '亚洲', '科幻', '大片', '第一', '娱乐性', '好莱坞', '差距', '虽然', '这些', '好莱坞', '大片', '难看', '故事', '宇宙', '爆炸', '家人', '和解', '这部', '过于', '宏大', '叙事', '情感', '动人', '太少']",25,绝对 亚洲 科幻 大片 第一 娱乐性 好莱坞 差距 虽然 这些 好莱坞 大片 难看 故事 宇宙 爆炸 家人 和解 这部 过于 宏大 叙事 情感 动人 太少
豆瓣电影,"75分。
特效顶级，但是但凡多花1000万在编剧上，故事也不至于碎成这样。这剧本我真的敢说“我行我上”，方方正正，刚直不阿，一块是一块，互相都不粘连。跟旅行vlog一样，你看这里是太空电梯，你看这里是刘培强结婚，你看这里是月球危机，你看这是我们的互联网基地……每个感动的点我都知道导演要感动，但我始终入不了戏，不敢动。隔壁《满江红》有个热评，说“感动你的不是电影，而是满江红这首词”，《球2》也可以套用这个评论：“感动你的不是电影，而是中国的伟大崛起”。",4,蔡小马,2023-01-25 23:19:03,35267208,分。 特效顶级，但是但凡多花万在编剧上，故事也不至于碎成这样。这剧本我真的敢说我行我上，方方正正，刚直不阿，一块是一块，互相都不粘连。跟旅行vlog一样，你看这里是太空电梯，你看这里是刘培强结婚，你看这里是月球危机，你看这是我们的互联网基地每个感动的点我都知道导演要感动，但我始终入不了戏，不敢动。隔壁《满江红》有个热评，说感动你的不是电影，而是满江红这首词，《球》也可以套用这个评论：感动你的不是电影，而是中国的伟大崛起。,"['特效', '顶级', '但凡', '多花', '编剧', '故事', '不至于', '碎成', '剧本', '真的', '我行', '方方正正', '刚直不阿', '一块', '一块', '互相', '粘连', '旅行', 'vlog', '一样', '这里', '太空', '电梯', '这里', '刘培强', '结婚', '这里', '月球', '危机', '我们', '互联网', '基地', '每个', '感动', '知道', '导演', '感动', '始终', '不了', '不敢', '隔壁', '满江红', '有个', '热评', '感动', '不是', '电影', '而是', '满江红', '这首词', '套用', '这个', '评论', '感动', '不是', '电影', '而是', '中国', '伟大', '崛起']",60,特效 顶级 但凡 多花 编剧 故事 不至于 碎成 剧本 真的 我行 方方正正 刚直不阿 一块 一块 互相 粘连 旅行 vlog 一样 这里 太空 电梯 这里 刘培强 结婚 这里 月球 危机 我们 互联网 基地 每个 感动 知道 导演 感动 始终 不了 不敢 隔壁 满江红 有个 热评 感动 不是 电影 而是 满江红 这首词 套用 这个 评论 感动 不是 电影 而是 中国 伟大 崛起
豆瓣电影,感谢罗兰·艾默里奇的好兄弟郭帆为我们奉上的《月球陨落》姊妹篇，请让我代表全人类向剧组致敬，献上比《月球陨落》多一星的敬意 p.s. 真的有人觉得这特效是进步了吗 p.p.s. 现在看完半个小时我已经忘了发生了些啥？,1,圆首的秘书,2023-01-22 23:40:47,35267208,感谢罗兰艾默里奇的好兄弟郭帆为我们奉上的《月球陨落》姊妹篇，请让我代表全人类向剧组致敬，献上比《月球陨落》多一星的敬意 ps 真的有人觉得这特效是进步了吗 pps 现在看完半个小时我已经忘了发生了些啥？,"['感谢', '罗兰', '艾默里', '兄弟', '郭帆', '我们', '奉上', '月球', '陨落', '姊妹篇', '代表', '全人类', '剧组', '致敬', '献上', '月球', '陨落', '多一星', '敬意', 'ps', '真的', '有人', '觉得', '特效', '进步', 'pps', '现在', '半个', '小时', '已经', '发生']",31,感谢 罗兰 艾默里 兄弟 郭帆 我们 奉上 月球 陨落 姊妹篇 代表 全人类 剧组 致敬 献上 月球 陨落 多一星 敬意 ps 真的 有人 觉得 特效 进步 pps 现在 半个 小时 已经 发生
豆瓣电影,照古人的月亮将要毁灭今人，进化后的系统阻挡人类存续。人类制造复杂的密码用于相互毁灭，也诞生伟大的文明用于股骨愈合。宇宙里的小小白点是我们的一切，移山让人类的未来有了方向，科技却让数字的生命成为了可能。我们要活在电缆里荧屏中让意识自主永恒，还是心怀蓝天让躯体等到鲜花挂满枝头的瞬间。,5,西楼尘,2023-01-22 13:30:14,35267208,照古人的月亮将要毁灭今人，进化后的系统阻挡人类存续。人类制造复杂的密码用于相互毁灭，也诞生伟大的文明用于股骨愈合。宇宙里的小小白点是我们的一切，移山让人类的未来有了方向，科技却让数字的生命成为了可能。我们要活在电缆里荧屏中让意识自主永恒，还是心怀蓝天让躯体等到鲜花挂满枝头的瞬间。,"['古人', '月亮', '将要', '毁灭', '今人', '进化', '系统', '阻挡', '人类', '存续', '人类', '制造', '复杂', '密码', '用于', '相互', '毁灭', '诞生', '伟大', '文明', '用于', '股骨', '愈合', '宇宙', '小小白', '我们', '一切', '移山', '人类', '未来', '方向', '科技', '数字', '生命', '成为', '可能', '我们', '要活', '电缆', '荧屏', '意识', '自主', '永恒', '心怀', '蓝天', '躯体', '等到', '鲜花', '挂满', '枝头', '瞬间']",51,古人 月亮 将要 毁灭 今人 进化 系统 阻挡 人类 存续 人类 制造 复杂 密码 用于 相互 毁灭 诞生 伟大 文明 用于 股骨 愈合 宇宙 小小白 我们 一切 移山 人类 未来 方向 科技 数字 生命 成为 可能 我们 要活 电缆 荧屏 意识 自主 永恒 心怀 蓝天 躯体 等到 鲜花 挂满 枝头 瞬间
豆瓣电影,刚看完，特效国产最顶，故事情节也好，演员全部演的好,5,听见你的声音,2023-01-22 11:56:54,35267208,刚看完，特效国产最顶，故事情节也好，演员全部演的好,"['刚看', '特效', '国产', '最顶', '故事情节', '也好', '演员', '全部']",8,刚看 特效 国产 最顶 故事情节 也好 演员 全部
豆瓣电影,最后把地球推出了太阳系，看到一个网友的留言有点逗，他说看这个剧感受到了中国人对不动产的执念。,4,桃子汽水,2023-01-31 15:18:45,35267208,最后把地球推出了太阳系，看到一个网友的留言有点逗，他说看这个剧感受到了中国人对不动产的执念。,"['最后', '地球', '推出', '太阳系', '看到', '网友', '留言', '有点', '这个', '感受', '中国', '不动产', '执念']",13,最后 地球 推出 太阳系 看到 网友 留言 有点 这个 感受 中国 不动产 执念
豆瓣电影,刘德华的角色充分验证了行车不规范亲人两行泪的大道理,4,HOON,2023-01-27 20:55:27,35267208,刘德华的角色充分验证了行车不规范亲人两行泪的大道理,"['刘德华', '角色', '充分', '验证', '行车', '规范', '亲人', '两行', '大道理']",9,刘德华 角色 充分 验证 行车 规范 亲人 两行 大道理
豆瓣电影,"阿喀琉斯不过是为了自己的友伴帕特罗克罗斯而选择去死，执行机械起爆的老飞行员们却是为了整个人类而选择去死，并把生的希望留给下一代。这种对not to be的讲法不存在于西方传统里，是中国与刘慈欣的的大义。然而还是要借用一句荷马史诗来描绘刘培强与他师傅、上一辈与下一辈的命运传承——人类如落叶，一代代凋零，一代代繁荣。
第一幕太空电梯戏特效拉了，之后的月球戏特效真的好，身临其境。第一幕之后虽然整体结构上还是传统三幕式电影，但叙事的跳跃有了原著里的那种编年史的壮阔感。
李雪健老师的表演太好，中山装太帅
刘德华对他的角色在表演方面无可挑剔，但从剧作方面来讲，这个角色，不同于刘培强因为前作的设定只能是男性，可以写成女性角色，交给女性去演。单一的男性视角是刘慈欣作品的唯一缺陷。",5,Reposado,2023-01-22 12:27:27,35267208,阿喀琉斯不过是为了自己的友伴帕特罗克罗斯而选择去死，执行机械起爆的老飞行员们却是为了整个人类而选择去死，并把生的希望留给下一代。这种对not to be的讲法不存在于西方传统里，是中国与刘慈欣的的大义。然而还是要借用一句荷马史诗来描绘刘培强与他师傅、上一辈与下一辈的命运传承人类如落叶，一代代凋零，一代代繁荣。 第一幕太空电梯戏特效拉了，之后的月球戏特效真的好，身临其境。第一幕之后虽然整体结构上还是传统三幕式电影，但叙事的跳跃有了原著里的那种编年史的壮阔感。 李雪健老师的表演太好，中山装太帅 刘德华对他的角色在表演方面无可挑剔，但从剧作方面来讲，这个角色，不同于刘培强因为前作的设定只能是男性，可以写成女性角色，交给女性去演。单一的男性视角是刘慈欣作品的唯一缺陷。,"['阿喀琉斯', '不过', '为了', '友伴', '帕特罗', '克罗斯', '选择', '执行', '机械', '起爆', '飞行员', '却是', '为了', '整个', '人类', '选择', '希望', '留给', '下一代', '这种', 'not', 'to', 'be', '讲法', '存在', '西方', '传统', '中国', '刘慈欣', '大义', '然而', '借用', '一句', '荷马史诗', '描绘', '刘培强', '师傅', '一辈', '下一辈', '命运', '传承', '人类', '落叶', '一代代', '凋零', '一代代', '繁荣', '第一幕', '太空', '电梯', '特效', '之后', '月球', '特效', '真的', '身临其境', '第一幕', '之后', '虽然', '整体', '结构', '传统', '三幕', '电影', '叙事', '跳跃', '原著', '那种', '编年史', '壮阔', '李雪健', '老师', '表演', '太好', '中山装', '太帅', '刘德华', '角色', '表演', '方面', '无可挑剔', '剧作', '方面', '来讲', '这个', '角色', '不同于', '刘培强', '因为', '前作', '设定', '只能', '男性', '写成', '女性', '角色', '交给', '女性', '去演', '单一', '男性', '视角', '刘慈欣', '作品', '唯一', '缺陷']",106,阿喀琉斯 不过 为了 友伴 帕特罗 克罗斯 选择 执行 机械 起爆 飞行员 却是 为了 整个 人类 选择 希望 留给 下一代 这种 not to be 讲法 存在 西方 传统 中国 刘慈欣 大义 然而 借用 一句 荷马史诗 描绘 刘培强 师傅 一辈 下一辈 命运 传承 人类 落叶 一代代 凋零 一代代 繁荣 第一幕 太空 电梯 特效 之后 月球 特效 真的 身临其境 第一幕 之后 虽然 整体 结构 传统 三幕 电影 叙事 跳跃 原著 那种 编年史 壮阔 李雪健 老师 表演 太好 中山装 太帅 刘德华 角色 表演 方面 无可挑剔 剧作 方面 来讲 这个 角色 不同于 刘培强 因为 前作 设定 只能 男性 写成 女性 角色 交给 女性 去演 单一 男性 视角 刘慈欣 作品 唯一 缺陷
豆瓣电影,1还只是部传统好莱坞叙事的电影，这一部才真正找到了自己的声音。虽然有很多显而易见的缺点（比如详细讲述两大独立危机带来的冗长，亲中与反中外国人的刻板刻画，未来世界女性在重要领域仍只是点缀等），但整体超出预期。视觉效果已经不输于好莱坞，故事内核也很动人以及体现着中国价值观。父女情爱情师徒情等线的处理都蛮细腻动人。喜欢那句台词：团结是需要付出代价的。ps：吴孟达出现的第一幕真催人泪下，和电影中数字生命的议题相呼应更让人唏嘘。,4,mOco,2023-01-22 15:31:12,35267208,还只是部传统好莱坞叙事的电影，这一部才真正找到了自己的声音。虽然有很多显而易见的缺点（比如详细讲述两大独立危机带来的冗长，亲中与反中外国人的刻板刻画，未来世界女性在重要领域仍只是点缀等），但整体超出预期。视觉效果已经不输于好莱坞，故事内核也很动人以及体现着中国价值观。父女情爱情师徒情等线的处理都蛮细腻动人。喜欢那句台词：团结是需要付出代价的。ps：吴孟达出现的第一幕真催人泪下，和电影中数字生命的议题相呼应更让人唏嘘。,"['传统', '好莱坞', '叙事', '电影', '一部', '真正', '找到', '声音', '虽然', '很多', '显而易见', '缺点', '比如', '详细', '讲述', '两大', '独立', '危机', '带来', '冗长', '亲中', '反中', '外国人', '刻板', '刻画', '未来', '世界', '女性', '重要', '领域', '点缀', '整体', '超出', '预期', '视觉效果', '已经', '不输于', '好莱坞', '故事', '内核', '动人', '以及', '体现', '中国', '价值观', '父女情', '爱情', '师徒', '情等线', '处理', '细腻', '动人', '喜欢', '那句', '台词', '团结', '需要', '付出代价', 'ps', '吴孟达', '出现', '第一幕', '催人泪下', '电影', '数字', '生命', '议题', '呼应', '更让人', '唏嘘']",70,传统 好莱坞 叙事 电影 一部 真正 找到 声音 虽然 很多 显而易见 缺点 比如 详细 讲述 两大 独立 危机 带来 冗长 亲中 反中 外国人 刻板 刻画 未来 世界 女性 重要 领域 点缀 整体 超出 预期 视觉效果 已经 不输于 好莱坞 故事 内核 动人 以及 体现 中国 价值观 父女情 爱情 师徒 情等线 处理 细腻 动人 喜欢 那句 台词 团结 需要 付出代价 ps 吴孟达 出现 第一幕 催人泪下 电影 数字 生命 议题 呼应 更让人 唏嘘
豆瓣电影,宏大又空洞，前卫又土气,3,如魚,2023-01-27 22:42:26,35267208,宏大又空洞，前卫又土气,"['宏大', '空洞', '前卫', '土气']",4,宏大 空洞 前卫 土气
豆瓣电影,特效无敌！是真正意义上有中国价值观的国际大片。三个小时的观影时间完全饱满，故事讲的非常紧凑且清晰。最后夸下沙溢哥，做到了拥有好演技，录再多综艺也不让人出戏。,5,杨迪,2023-01-27 14:13:38,35267208,特效无敌！是真正意义上有中国价值观的国际大片。三个小时的观影时间完全饱满，故事讲的非常紧凑且清晰。最后夸下沙溢哥，做到了拥有好演技，录再多综艺也不让人出戏。,"['特效', '无敌', '真正', '意义', '中国', '价值观', '国际', '大片', '三个', '小时', '观影', '时间', '完全', '饱满', '故事', '非常', '紧凑', '清晰', '最后', '下沙', '溢哥', '做到', '拥有', '演技', '录再', '综艺', '不让', '人出']",28,特效 无敌 真正 意义 中国 价值观 国际 大片 三个 小时 观影 时间 完全 饱满 故事 非常 紧凑 清晰 最后 下沙 溢哥 做到 拥有 演技 录再 综艺 不让 人出
豆瓣电影,纯直男视角，无趣级了。女性是妻子是母亲是女儿，但不是战友。女性发言人角色连群像塑造都不算，顶多是个符号，女性宇航员是背景，韩朵朵本以为有更大的功能，结果后面只是结婚生了个孩子。,3,迷迭香,2023-01-24 10:45:22,35267208,纯直男视角，无趣级了。女性是妻子是母亲是女儿，但不是战友。女性发言人角色连群像塑造都不算，顶多是个符号，女性宇航员是背景，韩朵朵本以为有更大的功能，结果后面只是结婚生了个孩子。,"['纯直', '视角', '无趣', '女性', '妻子', '母亲', '女儿', '不是', '战友', '女性', '发言人', '角色', '群像', '塑造', '不算', '顶多', '符号', '女性', '宇航员', '背景', '朵朵', '以为', '功能', '结果', '后面', '结婚', '孩子']",27,纯直 视角 无趣 女性 妻子 母亲 女儿 不是 战友 女性 发言人 角色 群像 塑造 不算 顶多 符号 女性 宇航员 背景 朵朵 以为 功能 结果 后面 结婚 孩子
豆瓣电影,这部前传故事的续集电影，可不止比一好一点，完全是巨大的跨越式进步，真的是百尺竿头更进一步。从0到1很难，难在战胜怀疑从无到有开创新路；而从1到2的难在于如何给出更多的惊喜和提高标准。这次电影给出的都不止惊喜，而是震惊了！方方面面的巨大提升，以及背后巨大的工作量和所需要挑战的事物，令人肃然起敬。加油吧！期待3！,5,张小北,2023-01-23 03:26:53,35267208,这部前传故事的续集电影，可不止比一好一点，完全是巨大的跨越式进步，真的是百尺竿头更进一步。从到很难，难在战胜怀疑从无到有开创新路；而从到的难在于如何给出更多的惊喜和提高标准。这次电影给出的都不止惊喜，而是震惊了！方方面面的巨大提升，以及背后巨大的工作量和所需要挑战的事物，令人肃然起敬。加油吧！期待！,"['这部', '前传', '故事', '续集', '电影', '不止', '比一好', '一点', '完全', '巨大', '跨越式', '进步', '真的', '百尺竿头更进一步', '战胜', '怀疑', '从无到有', '开创', '新路', '在于', '给出', '惊喜', '提高', '标准', '这次', '电影', '给出', '不止', '惊喜', '而是', '震惊', '方方面面', '巨大', '提升', '以及', '背后', '巨大', '工作量', '需要', '挑战', '事物', '令人', '肃然起敬', '加油', '期待']",45,这部 前传 故事 续集 电影 不止 比一好 一点 完全 巨大 跨越式 进步 真的 百尺竿头更进一步 战胜 怀疑 从无到有 开创 新路 在于 给出 惊喜 提高 标准 这次 电影 给出 不止 惊喜 而是 震惊 方方面面 巨大 提升 以及 背后 巨大 工作量 需要 挑战 事物 令人 肃然起敬 加油 期待
豆瓣电影,特效五星，创意五星，但是作为女性，我给它扣两星。图恒宇开车转头导致妻女车祸身亡，他却只对女儿思念愧疚追忆，妻子仿佛就是生育工具，此后只字未提，为了女儿还多次置拯救人类大事业于旁，强行凹父爱人设讨人嫌。韩朵朵作为本片中一开始与刘培强两人强强组合的女性角色，最后也安排了一个相夫教子，得病去世的结局，沦为体现刘培强铁汉柔情好丈夫好爸爸人设和走上英雄之路上的重要工具人。还有多次巧合的卡时间成功发射和成功启动来制造紧张感，让人略感不适，巧合多了反而弄巧成拙。,3,DJLily,2023-01-31 23:45:01,35267208,特效五星，创意五星，但是作为女性，我给它扣两星。图恒宇开车转头导致妻女车祸身亡，他却只对女儿思念愧疚追忆，妻子仿佛就是生育工具，此后只字未提，为了女儿还多次置拯救人类大事业于旁，强行凹父爱人设讨人嫌。韩朵朵作为本片中一开始与刘培强两人强强组合的女性角色，最后也安排了一个相夫教子，得病去世的结局，沦为体现刘培强铁汉柔情好丈夫好爸爸人设和走上英雄之路上的重要工具人。还有多次巧合的卡时间成功发射和成功启动来制造紧张感，让人略感不适，巧合多了反而弄巧成拙。,"['特效', '五星', '创意', '五星', '作为', '女性', '两星', '图恒宇', '开车', '转头', '导致', '妻女', '车祸', '身亡', '女儿', '思念', '愧疚', '追忆', '妻子', '仿佛', '生育', '工具', '此后', '只字未提', '为了', '女儿', '多次', '拯救', '人类', '事业', '强行', '父爱', '人设', '讨人嫌', '朵朵', '作为', '本片', '中一', '开始', '刘培强', '两人', '强强', '组合', '女性', '角色', '最后', '安排', '相夫教子', '得病', '去世', '结局', '沦为', '体现', '刘培强', '铁汉', '柔情', '丈夫', '爸爸', '人设', '走上', '英雄', '路上', '重要', '工具', '多次', '巧合', '时间', '成功', '发射', '成功', '启动', '制造', '紧张感', '人略感', '不适', '巧合', '反而', '弄巧成拙']",78,特效 五星 创意 五星 作为 女性 两星 图恒宇 开车 转头 导致 妻女 车祸 身亡 女儿 思念 愧疚 追忆 妻子 仿佛 生育 工具 此后 只字未提 为了 女儿 多次 拯救 人类 事业 强行 父爱 人设 讨人嫌 朵朵 作为 本片 中一 开始 刘培强 两人 强强 组合 女性 角色 最后 安排 相夫教子 得病 去世 结局 沦为 体现 刘培强 铁汉 柔情 丈夫 爸爸 人设 走上 英雄 路上 重要 工具 多次 巧合 时间 成功 发射 成功 启动 制造 紧张感 人略感 不适 巧合 反而 弄巧成拙
豆瓣电影,当年看完第一部还是蛮喜欢的，觉得它试图在人类的有限里去探索一种无限，尽管这有很大的自我感动的嫌疑。但是这一部看完，不适的观感进一步加重了，尽可能放大所谓人类的情感联结，但是全片看下来超级累，满脑子蹦出来的都是四个字：大而“无用”。大之一，在于肿大，叙事上感觉特别冗余累赘，三条线串联得很笨，松散且有点重复。大之二，在于自大，甚至于接近膨胀的各种主义情绪滋生，这点就不展开说了。大之三，在于夸大，夸大的美学和场景设定，左淹自由女神像右爆悉尼歌剧院，东方明珠只露了个塔尖，鸟巢已经沉入海底了，大裤衩却只淹到脚底，当然这也并不影响啥，但就是觉得，没啥必要。而且，对所有一见面就揶揄女性自以为好笑的直男台词感到反感。工业层面看自然是无懈可击的，第一步也已经迈出去了，但总归是觉得，好像有点使劲错了方向。,3,朝阳区妻夫木聪,2023-01-22 23:33:33,35267208,当年看完第一部还是蛮喜欢的，觉得它试图在人类的有限里去探索一种无限，尽管这有很大的自我感动的嫌疑。但是这一部看完，不适的观感进一步加重了，尽可能放大所谓人类的情感联结，但是全片看下来超级累，满脑子蹦出来的都是四个字：大而无用。大之一，在于肿大，叙事上感觉特别冗余累赘，三条线串联得很笨，松散且有点重复。大之二，在于自大，甚至于接近膨胀的各种主义情绪滋生，这点就不展开说了。大之三，在于夸大，夸大的美学和场景设定，左淹自由女神像右爆悉尼歌剧院，东方明珠只露了个塔尖，鸟巢已经沉入海底了，大裤衩却只淹到脚底，当然这也并不影响啥，但就是觉得，没啥必要。而且，对所有一见面就揶揄女性自以为好笑的直男台词感到反感。工业层面看自然是无懈可击的，第一步也已经迈出去了，但总归是觉得，好像有点使劲错了方向。,"['当年', '第一部', '喜欢', '觉得', '试图', '人类', '有限', '探索', '一种', '无限', '尽管', '这有', '很大', '自我', '感动', '嫌疑', '一部', '不适', '观感', '进一步', '加重', '尽可能', '放大', '所谓', '人类', '情感', '联结', '全片', '下来', '超级', '满脑子', '蹦出来', '四个', '大而', '无用', '在于', '肿大', '叙事', '感觉', '特别', '冗余', '累赘', '三条', '串联', '松散', '有点', '重复', '之二', '在于', '自大', '甚至于', '接近', '膨胀', '各种', '主义', '情绪', '滋生', '这点', '展开', '之三', '在于', '夸大', '夸大', '美学', '场景', '设定', '左淹', '自由', '女神像', '右爆', '悉尼歌剧院', '东方明珠', '只露', '塔尖', '鸟巢', '已经', '沉入', '海底', '裤衩', '淹到', '脚底', '当然', '影响', '觉得', '必要', '所有', '见面', '揶揄', '女性', '以为', '好笑', '台词', '感到', '反感', '工业', '层面', '自然', '无懈可击', '第一步', '已经', '迈出', '总归', '觉得', '好像', '有点', '使劲', '方向']",107,当年 第一部 喜欢 觉得 试图 人类 有限 探索 一种 无限 尽管 这有 很大 自我 感动 嫌疑 一部 不适 观感 进一步 加重 尽可能 放大 所谓 人类 情感 联结 全片 下来 超级 满脑子 蹦出来 四个 大而 无用 在于 肿大 叙事 感觉 特别 冗余 累赘 三条 串联 松散 有点 重复 之二 在于 自大 甚至于 接近 膨胀 各种 主义 情绪 滋生 这点 展开 之三 在于 夸大 夸大 美学 场景 设定 左淹 自由 女神像 右爆 悉尼歌剧院 东方明珠 只露 塔尖 鸟巢 已经 沉入 海底 裤衩 淹到 脚底 当然 影响 觉得 必要 所有 见面 揶揄 女性 以为 好笑 台词 感到 反感 工业 层面 自然 无懈可击 第一步 已经 迈出 总归 觉得 好像 有点 使劲 方向
豆瓣电影,进步不应仅局限于特效，还包括如何看待女性，价值观突破和技术飞跃一样重要，真正大片是两条腿走路。,3,shininglove,2023-01-25 18:32:05,35267208,进步不应仅局限于特效，还包括如何看待女性，价值观突破和技术飞跃一样重要，真正大片是两条腿走路。,"['进步', '不应', '局限于', '特效', '包括', '看待', '女性', '价值观', '突破', '技术', '飞跃', '一样', '重要', '真正', '大片', '两条腿走']",16,进步 不应 局限于 特效 包括 看待 女性 价值观 突破 技术 飞跃 一样 重要 真正 大片 两条腿走
豆瓣电影,【IMAX版早场归来】尽管未提出或呈现全新的科幻概念/图景，但各方面比起第一部都有不小的进步与升级，观感上佳。形式与结构上，视觉特效与服化道细节的精湛用心肉眼可见，几位老戏骨都发挥出演技，剪辑不再有前作中混乱潦草的问题，三线交织的结构（分别从航天员/军人、量子计算机技术人员及外交代表/决策者的角度切入）也让叙事体量足够丰富，个人不赞同关于本片节奏慢（与“慢电影”比小巫见大巫）或文本过载（实而不烧脑且略直白，另还有平民生存与联合政府施政方式这两个层面未铺展描摹）的说法。文本深层方面，延拓并融贯了理性（数字生命，或服从/牺牲，虚拟空间，超感性彼岸世界）vs.感性（有情肉身，自保/私欲，地球空间，现世凡尘）的二项对立式。最终，要的是共存互补的人[性]，所以看似破坏的儿女私情实则成为拯救的关键一环。（8.5/10）,4,冰红深蓝,2023-01-24 17:28:14,35267208,【IMAX版早场归来】尽管未提出或呈现全新的科幻概念图景，但各方面比起第一部都有不小的进步与升级，观感上佳。形式与结构上，视觉特效与服化道细节的精湛用心肉眼可见，几位老戏骨都发挥出演技，剪辑不再有前作中混乱潦草的问题，三线交织的结构（分别从航天员军人、量子计算机技术人员及外交代表决策者的角度切入）也让叙事体量足够丰富，个人不赞同关于本片节奏慢（与慢电影比小巫见大巫）或文本过载（实而不烧脑且略直白，另还有平民生存与联合政府施政方式这两个层面未铺展描摹）的说法。文本深层方面，延拓并融贯了理性（数字生命，或服从牺牲，虚拟空间，超感性彼岸世界）vs感性（有情肉身，自保私欲，地球空间，现世凡尘）的二项对立式。最终，要的是共存互补的人性，所以看似破坏的儿女私情实则成为拯救的关键一环。（）,"['IMAX', '早场', '归来', '尽管', '提出', '呈现', '全新', '科幻', '概念', '图景', '方面', '比起', '第一部', '不小', '进步', '升级', '观感', '上佳', '形式', '结构', '视觉', '特效', '服化', '细节', '精湛', '用心', '肉眼', '可见', '几位', '老戏骨', '发挥', '演技', '剪辑', '不再', '有前', '作中', '混乱', '潦草', '问题', '三线', '交织', '结构', '分别', '航天员', '军人', '量子', '计算机', '技术人员', '外交代表', '决策者', '角度', '切入', '叙事体', '足够', '丰富', '个人', '赞同', '关于', '本片', '节奏', '电影', '小巫见大巫', '文本', '过载', '实而', '不烧', '脑且', '直白', '平民', '生存', '联合政府', '施政', '方式', '两个', '层面', '铺展', '描摹', '说法', '文本', '深层', '方面', '延拓', '融贯', '理性', '数字', '生命', '服从', '牺牲', '虚拟空间', '感性', '彼岸', '世界', 'vs', '感性', '有情', '肉身', '自保', '私欲', '地球空间', '现世', '凡尘', '二项', '立式', '最终', '共存', '互补', '人性', '所以', '看似', '破坏', '儿女', '私情', '实则', '成为', '拯救', '关键', '一环']",117,IMAX 早场 归来 尽管 提出 呈现 全新 科幻 概念 图景 方面 比起 第一部 不小 进步 升级 观感 上佳 形式 结构 视觉 特效 服化 细节 精湛 用心 肉眼 可见 几位 老戏骨 发挥 演技 剪辑 不再 有前 作中 混乱 潦草 问题 三线 交织 结构 分别 航天员 军人 量子 计算机 技术人员 外交代表 决策者 角度 切入 叙事体 足够 丰富 个人 赞同 关于 本片 节奏 电影 小巫见大巫 文本 过载 实而 不烧 脑且 直白 平民 生存 联合政府 施政 方式 两个 层面 铺展 描摹 说法 文本 深层 方面 延拓 融贯 理性 数字 生命 服从 牺牲 虚拟空间 感性 彼岸 世界 vs 感性 有情 肉身 自保 私欲 地球空间 现世 凡尘 二项 立式 最终 共存 互补 人性 所以 看似 破坏 儿女 私情 实则 成为 拯救 关键 一环
豆瓣电影,真难看，浪费我电影票钱，唯一一部电影院看睡着的电影,1,柒月落落❤,2023-01-23 18:47:28,35267208,真难看，浪费我电影票钱，唯一一部电影院看睡着的电影,"['难看', '浪费', '电影票', '唯一', '一部', '电影院', '睡着', '电影']",8,难看 浪费 电影票 唯一 一部 电影院 睡着 电影
豆瓣电影,技术上非常硬核，既是前传也是对1和世界观的合理补充，终于理解了科幻不是科学，但它们是可以紧密结合的。主题上仍发挥着 “人类命运共同体”的概念，却不再是正义为先、昂扬向上的基调，变得凸显日常但同样宏大。没有中间角色，因为三条线的主角或双主角都是均匀的，每个人都有自己的故事跟命运。喜欢图恒宇和马兆那条线，对“数字生命”的解释做得很通俗，呈现的是情感、精神上的选择与对峙。电影最后还是落到情感、落到人，将中国式家国情怀一并包裹进“中国故事”的表达中。,4,大奇特(Grinch),2023-01-22 18:55:23,35267208,技术上非常硬核，既是前传也是对和世界观的合理补充，终于理解了科幻不是科学，但它们是可以紧密结合的。主题上仍发挥着 人类命运共同体的概念，却不再是正义为先、昂扬向上的基调，变得凸显日常但同样宏大。没有中间角色，因为三条线的主角或双主角都是均匀的，每个人都有自己的故事跟命运。喜欢图恒宇和马兆那条线，对数字生命的解释做得很通俗，呈现的是情感、精神上的选择与对峙。电影最后还是落到情感、落到人，将中国式家国情怀一并包裹进中国故事的表达中。,"['技术', '非常', '硬核', '世界观', '合理', '补充', '终于', '理解', '科幻', '不是', '科学', '它们', '紧密结合', '主题', '发挥', '人类', '命运', '共同体', '概念', '不再', '正义', '为先', '昂扬', '向上', '基调', '变得', '凸显', '日常', '同样', '宏大', '中间', '角色', '因为', '三条', '主角', '主角', '均匀', '每个', '故事', '命运', '喜欢', '图恒宇', '马兆', '那条', '数字', '生命', '解释', '通俗', '呈现', '情感', '精神', '选择', '对峙', '电影', '最后', '落到', '情感', '落到', '中国式', '家国', '情怀', '一并', '包裹', '中国', '故事', '表达']",66,技术 非常 硬核 世界观 合理 补充 终于 理解 科幻 不是 科学 它们 紧密结合 主题 发挥 人类 命运 共同体 概念 不再 正义 为先 昂扬 向上 基调 变得 凸显 日常 同样 宏大 中间 角色 因为 三条 主角 主角 均匀 每个 故事 命运 喜欢 图恒宇 马兆 那条 数字 生命 解释 通俗 呈现 情感 精神 选择 对峙 电影 最后 落到 情感 落到 中国式 家国 情怀 一并 包裹 中国 故事 表达
豆瓣电影,音乐好好，特效有些地方好，有些地方好粗糙。“我们的人一定行”的类型以后别再拍了，太尬了。,4,民咕咕,2023-01-24 01:23:05,35267208,音乐好好，特效有些地方好，有些地方好粗糙。我们的人一定行的类型以后别再拍了，太尬了。,"['音乐', '好好', '特效', '有些', '地方', '有些', '地方', '粗糙', '我们', '一定', '类型', '以后', '太尬']",13,音乐 好好 特效 有些 地方 有些 地方 粗糙 我们 一定 类型 以后 太尬
豆瓣电影,跟1相比更加硬核科幻，但感染共情力下降了。我知道集体主义能够救世界，但太缺少末日的精神关怀了。地球都要完犊子了居然还要每个人当好螺丝钉，想想就很绝望...（我承认我觉悟低）,3,同志亦凡人中文站,2023-04-17 13:55:56,35267208,跟相比更加硬核科幻，但感染共情力下降了。我知道集体主义能够救世界，但太缺少末日的精神关怀了。地球都要完犊子了居然还要每个人当好螺丝钉，想想就很绝望（我承认我觉悟低）,"['相比', '更加', '硬核', '科幻', '感染', '情力', '下降', '知道', '集体主义', '能够', '世界', '缺少', '末日', '精神', '关怀', '地球', '犊子', '居然', '还要', '每个', '当好', '螺丝钉', '想想', '绝望', '承认', '觉悟']",26,相比 更加 硬核 科幻 感染 情力 下降 知道 集体主义 能够 世界 缺少 末日 精神 关怀 地球 犊子 居然 还要 每个 当好 螺丝钉 想想 绝望 承认 觉悟
豆瓣电影,仿佛被绑在过年的饭桌上，喂了满嘴仁义道德…………,2,妮妮小豆,2023-02-05 16:21:19,35267208,仿佛被绑在过年的饭桌上，喂了满嘴仁义道德,"['仿佛', '被绑', '过年', '饭桌', '满嘴', '仁义道德']",6,仿佛 被绑 过年 饭桌 满嘴 仁义道德
豆瓣电影,三星以下对电影不公平，三星以上对观众不公平。,3,Kek444,2023-01-22 21:42:52,35267208,三星以下对电影不公平，三星以上对观众不公平。,"['三星', '以下', '电影', '公平', '三星', '以上', '观众', '公平']",8,三星 以下 电影 公平 三星 以上 观众 公平
豆瓣电影,这种“科幻大片”让人失望的地方在于，它们看似有着充沛甚至豪迈的想象力，内核却永远是保守陈旧毫无创造力的旧世界。,3,Alice小台灯,2023-01-29 10:18:32,35267208,这种科幻大片让人失望的地方在于，它们看似有着充沛甚至豪迈的想象力，内核却永远是保守陈旧毫无创造力的旧世界。,"['这种', '科幻', '大片', '失望', '地方', '在于', '它们', '看似', '有着', '充沛', '甚至', '豪迈', '想象力', '内核', '永远', '保守', '陈旧', '毫无', '创造力', '世界']",20,这种 科幻 大片 失望 地方 在于 它们 看似 有着 充沛 甚至 豪迈 想象力 内核 永远 保守 陈旧 毫无 创造力 世界
豆瓣电影,异国他乡看的电影 结束后整个IMAX的人都在鼓掌 中国牛逼！！！,5,Aryana H.,2023-01-23 11:23:07,35267208,异国他乡看的电影 结束后整个IMAX的人都在鼓掌 中国牛逼！！！,"['异国他乡', '电影', '结束', '整个', 'IMAX', '鼓掌', '中国']",7,异国他乡 电影 结束 整个 IMAX 鼓掌 中国
豆瓣电影,郭帆应该少看《2001太空漫游》，多看几遍《楢山节考》。,3,后自愈,2023-01-24 18:59:38,35267208,郭帆应该少看《太空漫游》，多看几遍《楢山节考》。,"['郭帆', '少看', '太空', '漫游', '几遍', '山节']",6,郭帆 少看 太空 漫游 几遍 山节
豆瓣电影,高于预期。但周老师全场败笔，除了会说“务必要”、“我相信”、“请相信”、“一会定”之外，没有任何实际作用。,4,wboy,2023-02-05 01:26:56,35267208,高于预期。但周老师全场败笔，除了会说务必要、我相信、请相信、一会定之外，没有任何实际作用。,"['高于', '预期', '但周', '老师', '全场', '败笔', '除了', '务必', '相信', '相信', '一会', '之外', '任何', '实际', '作用']",15,高于 预期 但周 老师 全场 败笔 除了 务必 相信 相信 一会 之外 任何 实际 作用
豆瓣电影,图恒宇的线超乎想象,4,EAZIN,2023-01-25 19:12:31,35267208,图恒宇的线超乎想象,"['图恒宇', '超乎', '想象']",3,图恒宇 超乎 想象
豆瓣电影,剧本臃肿，又不会拍。,2,Peter Cat,2023-01-22 18:02:01,35267208,剧本臃肿，又不会拍。,"['剧本', '臃肿', '不会']",3,剧本 臃肿 不会
豆瓣电影,"感受到主创是如何用心用力地在努力凹成太空史诗的样子（大场面还不少），事实上无论从哪方面看都的确具有视效大片的风范，然而工业指标的进步和原著在硬科幻指数上的抗打，并不能保证一部电影的可看度——打鸡血式的价值观输出和强行灌“责任”，以及过度强调家庭的重要性，其实也是一种美式变体的舶来品（虽说也看得心累，倒也并非最大槽点）。

最难熬的不是“负责任”的假大空口号，难熬的是最后一分钟营救与煽情戏的对冲，直接稀释高潮点的爆发，原文本的庞杂体量和更多冲突原本也可以被匀到更多戏份、处理得更明晰，当然也能理解编导考虑到市场接受度做的处理，毕竟现在的成品看来已够像一篇说明论文了。

1的剪辑问题还在，两条线捏合度也不够，因而三小时经常体感混乱；结尾埋第三季的线太像hal9000了吧。",3,欢乐分裂,2023-01-25 21:13:17,35267208,感受到主创是如何用心用力地在努力凹成太空史诗的样子（大场面还不少），事实上无论从哪方面看都的确具有视效大片的风范，然而工业指标的进步和原著在硬科幻指数上的抗打，并不能保证一部电影的可看度打鸡血式的价值观输出和强行灌责任，以及过度强调家庭的重要性，其实也是一种美式变体的舶来品（虽说也看得心累，倒也并非最大槽点）。 最难熬的不是负责任的假大空口号，难熬的是最后一分钟营救与煽情戏的对冲，直接稀释高潮点的爆发，原文本的庞杂体量和更多冲突原本也可以被匀到更多戏份、处理得更明晰，当然也能理解编导考虑到市场接受度做的处理，毕竟现在的成品看来已够像一篇说明论文了。 的剪辑问题还在，两条线捏合度也不够，因而三小时经常体感混乱；结尾埋第三季的线太像hal了吧。,"['感受', '主创', '用心', '用力', '努力', '凹成', '太空', '史诗', '样子', '场面', '不少', '事实上', '无论', '方面', '的确', '具有', '视效', '大片', '风范', '然而', '工业', '指标', '进步', '原著', '科幻', '指数', '抗打', '不能', '保证', '一部', '电影', '看度', '鸡血', '价值观', '输出', '强行', '责任', '以及', '过度', '强调', '家庭', '重要性', '一种', '美式', '变体', '舶来品', '虽说', '心累', '并非', '最大', '难熬', '不是', '负责', '假大空', '口号', '难熬', '最后', '一分钟', '营救', '煽情', '对冲', '直接', '稀释', '高潮点', '爆发', '原文', '庞杂', '体量', '冲突', '原本', '戏份', '处理', '明晰', '当然', '理解', '编导', '考虑', '市场', '接受度', '处理', '毕竟', '现在', '成品', '看来', '已够', '一篇', '说明', '论文', '剪辑', '问题', '两条线', '捏合', '不够', '因而', '小时', '经常', '体感', '混乱', '结尾', '第三季', 'hal']",101,感受 主创 用心 用力 努力 凹成 太空 史诗 样子 场面 不少 事实上 无论 方面 的确 具有 视效 大片 风范 然而 工业 指标 进步 原著 科幻 指数 抗打 不能 保证 一部 电影 看度 鸡血 价值观 输出 强行 责任 以及 过度 强调 家庭 重要性 一种 美式 变体 舶来品 虽说 心累 并非 最大 难熬 不是 负责 假大空 口号 难熬 最后 一分钟 营救 煽情 对冲 直接 稀释 高潮点 爆发 原文 庞杂 体量 冲突 原本 戏份 处理 明晰 当然 理解 编导 考虑 市场 接受度 处理 毕竟 现在 成品 看来 已够 一篇 说明 论文 剪辑 问题 两条线 捏合 不够 因而 小时 经常 体感 混乱 结尾 第三季 hal
豆瓣电影,很多废戏，各地人民reaction切换了多次，一些讨巧的幽默很难笑，整体像有个机械的公式在反复硬套。雪健老师的政治博弈写得过于生硬板正，意识形态能塞，但如何巧妙地塞还需修炼；吴京的追妻油腻老套，师徒情凑合；德华兄出彩，情节最贴科幻，感情戏不错。全片女性分量少得可怜，视效虽震撼，但文戏的进步空间还有很多，下一部添点真•科幻吧,4,Yuly_,2023-01-22 23:04:53,35267208,很多废戏，各地人民reaction切换了多次，一些讨巧的幽默很难笑，整体像有个机械的公式在反复硬套。雪健老师的政治博弈写得过于生硬板正，意识形态能塞，但如何巧妙地塞还需修炼；吴京的追妻油腻老套，师徒情凑合；德华兄出彩，情节最贴科幻，感情戏不错。全片女性分量少得可怜，视效虽震撼，但文戏的进步空间还有很多，下一部添点真科幻吧,"['很多', '废戏', '各地', '人民', 'reaction', '切换', '多次', '一些', '讨巧', '幽默', '很难', '整体', '机械', '公式', '反复', '硬套', '雪健', '老师', '政治', '博弈', '写得', '过于', '生硬', '板正', '意识形态', '能塞', '巧妙', '地塞', '修炼', '吴京', '追妻', '油腻', '老套', '师徒', '凑合', '德华', '出彩', '情节', '最贴', '科幻', '感情', '不错', '全片', '女性', '分量', '少得', '可怜', '视效', '震撼', '文戏', '进步', '空间', '很多', '一部', '添点', '科幻']",56,很多 废戏 各地 人民 reaction 切换 多次 一些 讨巧 幽默 很难 整体 机械 公式 反复 硬套 雪健 老师 政治 博弈 写得 过于 生硬 板正 意识形态 能塞 巧妙 地塞 修炼 吴京 追妻 油腻 老套 师徒 凑合 德华 出彩 情节 最贴 科幻 感情 不错 全片 女性 分量 少得 可怜 视效 震撼 文戏 进步 空间 很多 一部 添点 科幻
豆瓣电影,"年初一一口气看5部之第5部。

单日电影马拉松的最后一部，为了最好的激光IMAX版本，看完都已经夜里凌晨3点了，回家吃夜宵加整理材料后天都快亮了，意味着我为了看电影几乎24小时没合眼，这属于折寿式观影，请勿模仿。

虽然《流浪地球》几乎是中国科幻电影的独苗，但是好在它的生长确实茁壮，几乎以一己之力把中国科幻片的水平拉到世界级的比较水准，也就更显宝贵。通过幕后纪录片以及实际观影的体验来看，主创团队的确为了构建这个新世界耗费了巨大心血，也看得出来郭帆他们的确是在认真创作，诚恳地征求并遵循科学家们的建议。

太空电梯的长镜头实在太过震撼，战斗机与无人机的空战又实在酣畅，数字生命计划的讨论极富哲学价值。当然最触动人心的还是宏大叙事下本土化的精神表达，虽然很多人反感宏大叙事，可这才是真正天问式地思考人类命运的主题。",4,连城易脆,2023-01-23 09:40:07,35267208,年初一一口气看部之第部。 单日电影马拉松的最后一部，为了最好的激光IMAX版本，看完都已经夜里凌晨点了，回家吃夜宵加整理材料后天都快亮了，意味着我为了看电影几乎小时没合眼，这属于折寿式观影，请勿模仿。 虽然《流浪地球》几乎是中国科幻电影的独苗，但是好在它的生长确实茁壮，几乎以一己之力把中国科幻片的水平拉到世界级的比较水准，也就更显宝贵。通过幕后纪录片以及实际观影的体验来看，主创团队的确为了构建这个新世界耗费了巨大心血，也看得出来郭帆他们的确是在认真创作，诚恳地征求并遵循科学家们的建议。 太空电梯的长镜头实在太过震撼，战斗机与无人机的空战又实在酣畅，数字生命计划的讨论极富哲学价值。当然最触动人心的还是宏大叙事下本土化的精神表达，虽然很多人反感宏大叙事，可这才是真正天问式地思考人类命运的主题。,"['年初一', '一口气', '看部', '第部', '单日', '电影', '马拉松', '最后', '一部', '为了', '最好', '激光', 'IMAX', '版本', '已经', '夜里', '凌晨', '回家', '夜宵', '整理', '材料', '后天', '快亮', '意味着', '为了', '电影', '几乎', '小时', '合眼', '属于', '折寿', '观影', '请勿', '模仿', '虽然', '流浪', '地球', '几乎', '中国', '科幻电影', '独苗', '生长', '确实', '茁壮', '几乎', '以一己', '之力', '中国', '科幻片', '水平', '世界级', '比较', '水准', '更显', '宝贵', '通过', '幕后', '纪录片', '以及', '实际', '观影', '体验', '来看', '主创', '团队', '的确', '为了', '构建', '这个', '新世界', '耗费', '巨大', '心血', '看得出来', '郭帆', '他们', '的确', '认真', '创作', '诚恳', '征求', '遵循', '科学家', '建议', '太空', '电梯', '长镜头', '实在', '太过', '震撼', '战斗机', '无人机', '空战', '实在', '酣畅', '数字', '生命', '计划', '讨论', '极富', '哲学', '价值', '当然', '触动', '人心', '宏大', '叙事', '本土化', '精神', '表达', '虽然', '很多', '反感', '宏大', '叙事', '真正', '天问', '思考', '人类', '命运', '主题']",121,年初一 一口气 看部 第部 单日 电影 马拉松 最后 一部 为了 最好 激光 IMAX 版本 已经 夜里 凌晨 回家 夜宵 整理 材料 后天 快亮 意味着 为了 电影 几乎 小时 合眼 属于 折寿 观影 请勿 模仿 虽然 流浪 地球 几乎 中国 科幻电影 独苗 生长 确实 茁壮 几乎 以一己 之力 中国 科幻片 水平 世界级 比较 水准 更显 宝贵 通过 幕后 纪录片 以及 实际 观影 体验 来看 主创 团队 的确 为了 构建 这个 新世界 耗费 巨大 心血 看得出来 郭帆 他们 的确 认真 创作 诚恳 征求 遵循 科学家 建议 太空 电梯 长镜头 实在 太过 震撼 战斗机 无人机 空战 实在 酣畅 数字 生命 计划 讨论 极富 哲学 价值 当然 触动 人心 宏大 叙事 本土化 精神 表达 虽然 很多 反感 宏大 叙事 真正 天问 思考 人类 命运 主题
豆瓣电影,学学减法吧……这大炖锅。电影是煲汤不是冒菜。,3,嘛哭当拿路哆,2023-01-25 20:19:35,35267208,学学减法吧这大炖锅。电影是煲汤不是冒菜。,"['学学', '减法', '这大', '炖锅', '电影', '煲汤', '不是', '冒菜']",8,学学 减法 这大 炖锅 电影 煲汤 不是 冒菜
豆瓣电影,我不喜欢“一定” 没什么是一定会做到的,3,Wanli,2023-01-23 19:13:37,35267208,我不喜欢一定 没什么是一定会做到的,"['喜欢', '一定', '没什么', '一定', '做到']",5,喜欢 一定 没什么 一定 做到
豆瓣电影,活着是我党的人，死了是我党的数字生命。,4,无尽夏,2023-01-28 20:47:05,35267208,活着是我党的人，死了是我党的数字生命。,"['活着', '我党', '我党', '数字', '生命']",5,活着 我党 我党 数字 生命
豆瓣电影,我提出拯救中国科幻计划，让郭帆拍三体,5,bOingbOing,2023-01-24 20:07:52,35267208,我提出拯救中国科幻计划，让郭帆拍三体,"['提出', '拯救', '中国', '科幻', '计划', '郭帆', '拍三体']",7,提出 拯救 中国 科幻 计划 郭帆 拍三体
