platform,content,score,user,time,song_id
网易云音乐,是吗，那我们谈吧,1,伪練,2025-04-24 23:39:51,1359356908
网易云音乐,给时间点时间 让时间说真话。,1,拥抱在那年winter,2025-04-24 23:39:01,1359356908
网易云音乐,我一直在找一个跟你很像的人 最后我才发现我和你最像,1,劣_质谎,2025-04-24 23:32:37,1359356908
网易云音乐,晚安不会再有我的消息了,1,抒写草稿纸,2025-04-24 23:32:27,1359356908
网易云音乐,发现你还是有让我鼻酸的能力 但我们已经没有好好过的机会了,1,以慧慧为名的春,2025-04-24 23:31:08,1359356908
网易云音乐,后来我不再羡慕那些谈了很久的恋爱 因为我知道长久的感情需要无数个原谅来维持,1,以慧慧为名的春,2025-04-24 23:30:53,1359356908
网易云音乐,晚安(˘ω˘)✩,1,以慧慧为名的春,2025-04-24 23:30:36,1359356908
网易云音乐,不喜欢的时候,1,梳个丸子头a,2025-04-24 23:22:50,1359356908
网易云音乐,来啦,1,梳个丸子头a,2025-04-24 23:18:09,1359356908
网易云音乐,生着病发烧。身上一点钱都没有了。才开始工作，工资也还没有支出来 快两天都没吃什么了   一个人躺在出租屋里好无力  感觉自己快坚持不下去了  我能讨碗饭吃吗…,1,还没吃柠檬a,2025-04-24 23:11:00,1359356908
网易云音乐,借你吉言,1,爱佳欣不伤心,2025-04-24 23:06:56,1359356908
网易云音乐,加油,1,叫主人就对了hh,2025-04-24 23:02:11,1359356908
网易云音乐,争气一点,1,小菡降临我身边,2025-04-24 22:55:25,1359356908
网易云音乐,生着病发烧。身上一点钱都没有了。才开始工作，工资也还没有支出来 快两天都没吃什么了   一个人躺在出租屋里好无力  感觉自己快坚持不下去了  我能讨碗饭吃吗…,1,山茶红_9,2025-04-24 22:53:51,1359356908
网易云音乐,@媛是我的一切 晚安,1,可我不善言表,2025-04-24 22:49:58,1359356908
网易云音乐,晚安,1,hwy平安,2025-04-24 22:49:58,1359356908
网易云音乐,接接接！,1,_y-h-_-,2025-04-24 22:47:47,1359356908
网易云音乐,实际上是做朋友也同样内耗，除非后来不喜欢了,1,psz_987,2025-04-24 22:44:21,1359356908
网易云音乐,"这个世界除了我自己我没有依靠了

我总拿离开试探爱以为你不会放开我的手

那些你刺痛我的事我连你一起丢掉

委屈就像刺扎在心里拔不出来又疼得厉害

想哭的时候最想念的还是你

",1,FailureLMR,2025-04-24 22:44:04,1359356908
网易云音乐,生着病发烧。身上一点钱都没有了。才开始工作，工资也还没有支出来 快两天都没吃什么了   一个人躺在出租屋里好无力  感觉自己快坚持不下去了  我能讨碗饭吃吗…,1,还没吃柠檬a,2025-04-24 22:43:25,1359356908
网易云音乐,替你们试过了，能做朋友就别做恋人，尽管认识很久了，千万别，如果我们没有分手的话，现在是我们的第190天，如果当时我没有同意表白的话，我们还是朋友,1,情不知所琪,2025-04-24 22:41:46,1359356908
网易云音乐,我想把这个空房间画满鲜花，可是我没有颜料和笔，我也不会画花。,1,司图南aid,2025-04-24 22:41:12,1359356908
网易云音乐,晚安,1,Music-Otter,2025-04-24 22:40:58,1359356908
网易云音乐,4.24和对象闹矛盾，哭的很伤心，她给我发了一起听，听完和我说了晚安，是我不够成熟稳重不够优秀，才让她这么难受 ，我恨自己不争气，看到的无论什么时间都提醒我看一遍让我争气一点，让她过上好日子,1,爱佳欣不伤心,2025-04-24 22:39:40,1359356908
网易云音乐,胡海威 晚安,1,爱暄小天才,2025-04-24 22:37:01,1359356908
网易云音乐,你要放下对完美伴侣的期待  学会去爱一个普通又具体的人  互相迁就才更长远   双向奔赴才有意义   这个世界上没有本来就般配的两个人  而是一个懂得包容和迁就   另一个懂得，适可而止  表白是表明心意  而不是索取关系  公开专一不暧昧  这是爱的一个基本项不是加分项,1,再吃一口鲷鱼烧z,2025-04-24 22:33:29,1359356908
网易云音乐,来了,1,雨巷_nR7i,2025-04-24 22:30:19,1359356908
网易云音乐,晚安,1,她有胃病也爱哭_,2025-04-24 22:29:45,1359356908
网易云音乐,z我想听你说一句晚安,1,长腿妹妹阿,2025-04-24 22:18:52,1359356908
网易云音乐,喜欢听这首歌的人一定很喜欢听这首歌吧,1,Gr1y_dust,2025-04-24 22:13:00,1359356908
网易云音乐,努力抓紧每一段珍贵的关系 直到再也抓不住,1,小羊_QvQ,2025-04-24 22:11:21,1359356908
网易云音乐,我愿意做那个引导性恋人(>^ω^<),1,iouTuT,2025-04-24 22:09:28,1359356908
网易云音乐,我还是会晚睡，唯独少了你的晚安,1,xin今天快乐了吗,2025-04-24 22:04:20,1359356908
网易云音乐,我好想你 晚安,1,留恋心绪,2025-04-24 22:03:45,1359356908
网易云音乐,刚上班不久还没有发工资，突然感冒发烧了  现在身上一些钱都没有剩了  饿一天头更晕了觉得… 能不能有朋友支 瑗一下   我度过去这些天…,1,晚风揉碎月光l,2025-04-24 22:00:05,1359356908
网易云音乐,生着病发烧。身上一点钱都没有了。才开始工作，工资也还没有支出来 快两天都没吃什么了   一个人躺在出租屋里好无力  感觉自己快坚持不下去了  我能讨碗饭吃吗…,1,鲸鱼灰_c,2025-04-24 21:55:30,1359356908
网易云音乐,晚安,1,Kz7丶,2025-04-24 21:54:17,1359356908
网易云音乐,但是更希望你平安~,1,Nik-China,2025-04-24 21:53:49,1359356908
网易云音乐,醒来万物皆是沉寂，唯有你是世间的一抹旖旎，他人困于山中晨雾，我困于你。,1,谁又懂得遗憾,2025-04-24 21:37:37,1359356908
网易云音乐,晚安 我爱你,1,capper的歌好好听,2025-04-24 21:36:28,1359356908
网易云音乐,嘴上说着要翻篇   其实心里还是偷偷折了个角,1,小欣思绪如风,2025-04-24 21:36:22,1359356908
网易云音乐,"""后来 和你有点像的人 我都会多看上几眼”",1,小欣思绪如风,2025-04-24 21:36:02,1359356908
网易云音乐,睡个好觉比爱重要,1,聆漫冬,2025-04-24 21:28:29,1359356908
网易云音乐,晚安,1,咖啡加点苦07,2025-04-24 21:27:14,1359356908
网易云音乐,找个人98年4月27日的四川女孩子,1,摇滚Art,2025-04-24 21:25:36,1359356908
网易云音乐,😭,1,用户5084440546,2025-04-24 21:21:32,1359356908
网易云音乐,"我要乖乖睡觉觉啦。
",1,忏悔有用吗,2025-04-24 21:18:50,1359356908
网易云音乐,生着病发烧。身上一点钱都没有了。才开始工作，工资也还没有支出来 快两天都没吃什么了   一个人躺在出租屋里好无力  感觉自己快坚持不下去了  我能讨碗饭吃吗…,1,西红柿_0lvQ,2025-04-24 21:12:17,1359356908
网易云音乐,与家里人吵架出来了 身上一点钱都没有了。才开始工作，工资也还没有支出来 快两天都没吃什么了   一个人躺在出租屋里好无力  感觉自己快坚持不下去了  我能讨碗饭吃吗…,1,抹茶布丁Ii,2025-04-24 21:04:09,1359356908
网易云音乐,太贪心要进黑名单的阿[大哭],1,真的是服了呢,2025-04-24 20:55:04,1359356908
网易云音乐,晚是全世界的晚 安是只给你的安,1,若我及时止损-,2025-04-24 20:44:48,1359356908
网易云音乐,从泷泷那里转过来的这首也很好听哦[VIP],1,我不颠-,2025-04-24 20:41:11,1359356908
网易云音乐,嗨👋,1,瀑布悠然自得黑熊,2025-04-24 20:39:50,1359356908
网易云音乐,赶紧听吧，以后要vip就老实了,1,听喵笨,2025-04-24 20:27:38,1359356908
网易云音乐,晚安,1,恰亿小口,2025-04-24 20:11:14,1359356908
网易云音乐,你不在的日子里我真的好想你,1,我爱小泽lyz,2025-04-24 20:07:57,1359356908
网易云音乐,真的不可以吗,1,拜托微辣,2025-04-24 20:06:49,1359356908
网易云音乐,那一张张截图是我们回不去的永远.,1,痛诉軒泪,2025-04-24 20:06:17,1359356908
网易云音乐,那场不久的恋爱你谈了多久.,1,小妤语,2025-04-24 19:48:14,1359356908
网易云音乐,那就一起睡吧！（手动狗头）,1,ins图研所,2025-04-24 19:42:46,1359356908
网易云音乐,我也是！每次听歌的时候都会想到这首歌,1,期末不进前十不改网名略略,2025-04-24 19:40:47,1359356908
网易云音乐,妥协是我最后的无奈,1,再难掩饰悲痛,2025-04-24 19:40:46,1359356908
网易云音乐,晚安💤大家,1,yii_14,2025-04-24 19:40:30,1359356908
网易云音乐,我也这样，但慢慢释怀吧，你值得更好的,1,孤生剑锋,2025-04-24 19:33:36,1359356908
网易云音乐,在这,1,讫尔,2025-04-24 19:31:47,1359356908
网易云音乐,有些人该忘记了 我一直在等待那个对的人出现,1,jay北辰,2025-04-24 19:29:55,1359356908
网易云音乐,因为得不到，所以有所期待,1,狂三最爱kuv,2025-04-24 19:26:27,1359356908
网易云音乐,我来了2025嘟[爱心][鬼脸],1,一起听歌的蔓,2025-04-24 19:18:59,1359356908
网易云音乐,不是双向奔赴的爱意毫无意义,1,帅气哥xny,2025-04-24 19:13:23,1359356908
网易云音乐,可以可以的,1,浮尘豆绿作家,2025-04-24 19:11:31,1359356908
网易云音乐,不要做那种被丢下过一次就不敢再爱的人了[多多难过],1,你滴土豆,2025-04-24 19:09:51,1359356908
网易云音乐,你漂亮的眼睛，要流幸福的眼泪,1,季妘,2025-04-24 19:01:55,1359356908
网易云音乐,总让你不开心 但也总在夜深人静时 下定决心要和你走最远的路,1,妳也听郑润泽吗_,2025-04-24 19:01:40,1359356908
网易云音乐,最近过的好不好 不好的话我们和好,1,X-竹柳,2025-04-24 19:00:37,1359356908
网易云音乐,这里[亲亲],1,L-xxx08,2025-04-24 18:57:05,1359356908
网易云音乐,我们唯一需要担心的就是担心本身,1,夜色萌珑,2025-04-24 18:47:42,1359356908
网易云音乐,会想起你 但不会想和你有任何关系了,1,安兹莉亚,2025-04-24 18:43:27,1359356908
网易云音乐,好像所有的新鲜感都不过半年,1,飞火连城刘畅,2025-04-24 18:41:08,1359356908
网易云音乐,我很喜欢枫叶，但枫叶红时，总多离别。,1,这里在下大雪,2025-04-24 18:39:05,1359356908
网易云音乐,"以前特讨厌烟味 可烟是我发泄情绪的唯一
",1,X-竹柳,2025-04-24 18:37:42,1359356908
网易云音乐,现在只记得你曾经的好,1,乾天道祖,2025-04-24 18:32:08,1359356908
网易云音乐,释怀吧 我的男孩 你会遇到更好的,1,汪晓迪wxd,2025-04-24 18:28:58,1359356908
网易云音乐,可惜奶茶不会一直好喝 朋友也不会一直在一起,1,木易jtx,2025-04-24 18:24:03,1359356908
网易云音乐,动态自取,1,Umsoeng,2025-04-24 18:19:52,1359356908
网易云音乐,生日快乐,1,Mo蜡笔小7_,2025-04-24 18:18:12,1359356908
网易云音乐,想你的夜,1,Mo蜡笔小7_,2025-04-24 18:17:58,1359356908
网易云音乐,我需要你,1,Mo蜡笔小7_,2025-04-24 18:17:34,1359356908
网易云音乐,好听,1,小顺醒醒,2025-04-24 18:14:12,1359356908
网易云音乐,踹踹~,1,苓宝owo,2025-04-24 18:10:11,1359356908
网易云音乐,最近有点累，想睡很久的觉,1,w斩破情绪束缚,2025-04-24 18:00:29,1359356908
网易云音乐,hzl我想你了,1,文青_MFKX,2025-04-24 17:55:09,1359356908
网易云音乐,我也在努力让自己不回头了[多多难过],1,兰枫希彦,2025-04-24 17:47:36,1359356908
网易云音乐,乀′乀🚪ttft,1,尼古丁的救赎_Rodd,2025-04-24 17:47:25,1359356908
网易云音乐,乀′乀🚪ttft,1,尼古丁的救赎_Rodd,2025-04-24 17:47:20,1359356908
网易云音乐,抱抱你啊，希望你可以好好生活下去,1,希昂布楚莱-冥子,2025-04-24 17:41:16,1359356908
网易云音乐,你为我种下一棵许愿树 我们一起守护,1,叽咕_biubiubiu,2025-04-24 17:37:31,1359356908
网易云音乐,接了,1,银耳_VNHn,2025-04-24 17:22:44,1359356908
网易云音乐,"这次是真的再见了
虽然有些舍不得
[可爱]",1,-陪我听Jay_-,2025-04-24 17:10:37,1359356908
网易云音乐,不要想太多啦，可能他根本就不爱你,1,叫姐姐斤斤计较斤斤计较斤,2025-04-24 17:10:13,1359356908
网易云音乐,我以前班主任说我是好好人格，哈哈,1,筱月魈,2025-04-24 17:09:47,1359356908
网易云音乐,"你又牵了谁的手和谁说了会永久.

你若珍惜我这条路多累我都陪你走.

我想成为一个很好的人但是好累.",1,失忆-小洁,2025-04-24 17:01:29,1359356908
网易云音乐,那就祝我们以后都能成为自己想成为的人吧！[多多大笑],1,张昭_月影星魂,2025-04-24 16:46:24,1359356908
网易云音乐,若你真心想我 我也定不负你,1,丶转身泪倾城vid,2025-04-24 16:42:07,1359356908
网易云音乐,这里,1,Dandelion-T2,2025-04-24 16:33:13,1359356908
网易云音乐,晚安,1,-Nnnhh-,2025-04-24 16:27:04,1359356908
网易云音乐,泪失禁体质是遗传的[流泪],1,平凡人ops,2025-04-24 16:12:00,1359356908
网易云音乐,可是真的有人可以忍住自己的情感吗？,1,凯旋凯旋凯旋呐i,2025-04-24 16:10:46,1359356908
网易云音乐,这边,1,VittOri0,2025-04-24 16:03:00,1359356908
网易云音乐,放下吧！好好生活[多多可怜],1,谁是朕的菜,2025-04-24 16:01:44,1359356908
网易云音乐,曾经多少个牵肠拉扯不舍夜晚 到现在热情褪成陌路的感叹,1,Jay-kitty,2025-04-24 15:52:30,1359356908
网易云音乐,可是她连我的名字都不知道呀[心碎],1,爱可冷冷,2025-04-24 15:46:41,1359356908
网易云音乐,同感！我第一次听到这首歌的时候也是这种感觉[多多捂脸],1,biliGayGay大绯闻,2025-04-24 15:42:02,1359356908
网易云音乐,也许总有一天你也会明白我对你的好。,1,惗毅幂,2025-04-24 15:37:07,1359356908
网易云音乐,你说的对 但我不甘心,1,蚂蚁gqi,2025-04-24 15:30:17,1359356908
网易云音乐,加油哦，我也要中考了[大笑],1,一只小沐白i,2025-04-24 15:29:14,1359356908
网易云音乐,我们年级第一是个恋爱脑,1,长留此生clj,2025-04-24 15:20:14,1359356908
网易云音乐,既然有缘为何不珍惜？既无缘又何必强求？,1,丐帮帮主肥宅月月,2025-04-24 15:11:53,1359356908
网易云音乐,但是你不让我淋雨的话 我会感动的,1,皮皮的音乐笔记,2025-04-24 15:08:58,1359356908
网易云音乐,我好像在听他给我发的语音！好幸福啊[流泪],1,薄荷音王子o,2025-04-24 14:57:38,1359356908
网易云音乐,可是我真的好想他啊[多多大哭],1,乾天道祖,2025-04-24 14:42:47,1359356908
网易云音乐,你居然在20年后说时代眼泪[多多大哭],1,小狼狗M,2025-04-24 14:32:23,1359356908
网易云音乐,我听过最美的情话是“你放心去飞 我负责追”,1,Ghoostskill,2025-04-24 14:31:20,1359356908
网易云音乐,或许我们真的错过了,1,Insidenca,2025-04-24 14:29:22,1359356908
网易云音乐,来啦,1,金熯酃,2025-04-24 14:26:25,1359356908
网易云音乐,晚安是对喜欢的人说的[可爱],1,木笙淋上雨,2025-04-24 14:18:18,1359356908
网易云音乐,所以爱是什么 我不明白,1,笠是我捡的,2025-04-24 14:13:11,1359356908
网易云音乐,这,1,Elaine2106,2025-04-24 14:12:42,1359356908
网易云音乐,现在是午安[吐舌],1,ibi7o4o,2025-04-24 14:00:05,1359356908
网易云音乐,晚安,1,小鱼听jay-,2025-04-24 13:57:11,1359356908
网易云音乐,你让我觉得 我在爱里没尊严,1,浅陌ozx,2025-04-24 13:56:05,1359356908
网易云音乐,如果爱的话就不会 但是你不爱我所以会,1,莕仁宝宝,2025-04-24 13:55:41,1359356908
网易云音乐,我不需要解药 因为我有你,1,饿坏了吧世界,2025-04-24 13:50:26,1359356908
网易云音乐,爱是什么我不清楚，我只知道有你在我不害怕，你在我身边我会安心，你不在我心烦,1,捌月念肆,2025-04-24 13:44:15,1359356908
网易云音乐,“好模糊，我看不清你的爱，也看不清你”,1,淇屹,2025-04-24 13:33:18,1359356908
网易云音乐,听,1,嘴角上扬blue,2025-04-24 13:30:53,1359356908
网易云音乐,"那些独自消化的情绪 才是我真正的生活

爱的最高境界是心疼可你始终不懂

往往是不经意间的温柔最能打动人

短暂出现的人是为了惩罚真诚的人

发文案是我唯一发泄情绪的方式了.

付出的真心是一种晦涩难懂的痛.

冷冰冰的字已经代表不了我的委屈.

我还是会偷偷去看你 不属于我的你",1,下1页幸福,2025-04-24 13:24:02,1359356908
网易云音乐,"生活已经很痛了别再说刺痛我的话了.

能幸福我想一直幸福不能那我就一直不谈.

我开始信玄学知道我们是命中注定,

也许未来你也会找到懂你疼你更好的人.

若他不回应那并没必要继续纠缠了.

骗你呢 你看你还是这么好骗 就像他骗你一样 轻而易举

我站在清醒和麻木的边缘不能堕落也不能解脱.

",1,下1页幸福,2025-04-24 13:23:04,1359356908
网易云音乐,"发了很久的呆 想了很久的你

记住我的好或者记住我就好.

暧昧不清的朋友忽冷忽热的恋人.

可你那天并没有看见我泛红的双眼

喜欢上你的那天到现在我还记得

不是说 念念不忘必有回响吗

爱你的同时忘掉了自己.

往事清零重新开始又是自己一个人.",1,下1页幸福,2025-04-24 13:21:45,1359356908
网易云音乐,我的好 你后知后觉吗,1,不太乖Try,2025-04-24 13:17:11,1359356908
网易云音乐,末班车啦,1,木讷_D,2025-04-24 13:06:32,1359356908
网易云音乐,你不了解我 你也不了解你自己。 晚安啦 婷婷,1,月亮月亮_Dex,2025-04-24 12:56:21,1359356908
网易云音乐,已婚当妈每次听颜人中的歌都想谈恋爱是咋回事[大哭],1,打翻醋坛子,2025-04-24 12:48:31,1359356908
网易云音乐,她给我分享的这首歌 是什么意思,1,XxxzTn,2025-04-24 12:20:00,1359356908
网易云音乐,上岸,1,眼在为你下雨,2025-04-24 12:14:52,1359356908
网易云音乐,曾经多少次牵肠拉扯的夜晚 到现在热情褪成陌路的感叹,1,烂命我也认,2025-04-24 11:43:29,1359356908
网易云音乐,晚安这个词太暧昧了 只准你对我讲,1,窝萌菲ovo,2025-04-24 11:15:25,1359356908
网易云音乐,睡不着？来我主页听听dj,1,琪琪琪_YQ,2025-04-24 10:56:45,1359356908
网易云音乐,晚安,1,emotione_1,2025-04-24 10:29:53,1359356908
网易云音乐,回避型人格……,1,哦嚎l,2025-04-24 10:03:32,1359356908
网易云音乐,晚安是留给爱的人！朋友我都是安！,1,哦嚎l,2025-04-24 10:02:19,1359356908
网易云音乐,不像啊🤔,1,小雨几时晴x,2025-04-24 09:43:19,1359356908
网易云音乐,不像,1,救赎的白帆,2025-04-24 09:39:04,1359356908
网易云音乐,这个歌咋有点像白羊,1,嘿大瑶,2025-04-24 08:47:21,1359356908
网易云音乐,2025.4.24,1,東京記雨,2025-04-24 08:21:51,1359356908
网易云音乐,非要变得那么坏才能立足世界吗 可是我想当一辈子的小孩,1,从不对我说_ui,2025-04-24 08:05:35,1359356908
网易云音乐,有时候也怪自己明明很想你却没有和你好好说话,1,从不对我说_ui,2025-04-24 08:05:01,1359356908
网易云音乐,来了,1,江遇可爱鬼,2025-04-24 07:57:27,1359356908
网易云音乐,待我耗完这最后的爱 就放过自己,1,让雨停止,2025-04-24 07:49:24,1359356908
网易云音乐,[多多大笑],1,笑笑爱笑Ya,2025-04-24 07:27:08,1359356908
网易云音乐,可不可以爱我 只爱我,1,捌月念肆,2025-04-24 07:02:30,1359356908
网易云音乐,可我后悔了，怎么办,1,大厦研究冥想音乐,2025-04-24 06:47:12,1359356908
网易云音乐,晚安啦King婷！,1,BHWBH,2025-04-24 05:29:38,1359356908
网易云音乐,是梦都会醒,1,_阿景i,2025-04-24 05:13:31,1359356908
网易云音乐,你好啊 亲爱的陌生人,1,想念就說想念,2025-04-24 05:09:34,1359356908
网易云音乐,早点睡,1,晓晓困_Tfvi,2025-04-24 05:06:55,1359356908
网易云音乐,生日快乐,1,唉萌命难改,2025-04-24 04:51:24,1359356908
网易云音乐,晚安,1,唉萌命难改,2025-04-24 04:50:41,1359356908
网易云音乐,忽冷忽热是喜欢还是不喜欢...,1,唉萌命难改,2025-04-24 04:50:33,1359356908
网易云音乐,晚安,1,猫泪印,2025-04-24 04:31:07,1359356908
网易云音乐,商雨菡 晚安 祝你有个好梦,1,之后会想起我吗,2025-04-24 03:18:05,1359356908
网易云音乐,你不需要向任何人证明，你真的很棒很棒,1,小Yi同学--,2025-04-24 02:57:49,1359356908
网易云音乐,再见啦,1,JJJimLinjn,2025-04-24 02:57:21,1359356908
网易云音乐,妈咪小狗想你惹qaq,1,Hello天赋,2025-04-24 02:57:19,1359356908
网易云音乐,如果眼泪比爱多 那我们走到这里就可以了,1,小葵好困o,2025-04-24 02:28:05,1359356908
网易云音乐,😄😄😄,1,要剪微分碎盖,2025-04-24 02:24:03,1359356908
网易云音乐,郭梦红，晚安,1,蜉蝣梦丶,2025-04-24 02:23:53,1359356908
网易云音乐,你喜欢的人现在也不跟你说晚安嘛？听完晚安就让 Ta 沉睡在你的记忆中吧…,1,凯迪尔_0215,2025-04-24 02:17:23,1359356908
网易云音乐,晚安,1,不如早点睡-_-p,2025-04-24 01:56:06,1359356908
网易云音乐,来了,1,雪糕姐姐-,2025-04-24 01:55:55,1359356908
网易云音乐,不真诚的人吞一万个银针,1,x卉-,2025-04-24 01:52:24,1359356908
网易云音乐,陆……晚安，我真的真的真的好想回到以前…ʷᵒ ʰᵃᵒ ˣⁱᵃⁿᵍ ⁿⁱ ߹ᯅ߹，我真的好后悔遇见你，但又很高兴遇见你，我忘不了，真的真的忘不了与你最初那么那么快乐的时光…，我的生活是从有了你才一点都不空虚的，你知道吗？我真的很喜欢你，喜欢的可以为你放下一切，把一切都给你，喜欢的可以为你什么都全力以赴去做到…我真的好想念最初的那个你…,1,愛陸堅不棄,2025-04-24 01:52:02,1359356908
网易云音乐,晚安hzt ,1,曦崽_Xxx,2025-04-24 01:41:35,1359356908
网易云音乐,晚安lyf ,1,曦崽_Xxx,2025-04-24 01:41:24,1359356908
网易云音乐,晚安sjf,1,轩_1222,2025-04-24 01:41:07,1359356908
网易云音乐,生日快乐,1,开封下起了小雨,2025-04-24 01:37:59,1359356908
网易云音乐,晚安💤,1,不用非死book,2025-04-24 01:35:21,1359356908
网易云音乐,今天生日，登上网易云，网易云给我放了生日快乐，,1,此账号已注销_7V6l,2025-04-24 01:33:03,1359356908
网易云音乐,你骗了我好多次 可我为了留住这份感情 也装傻充楞了好多好多次,1,雪下第一劍,2025-04-24 01:29:41,1359356908
网易云音乐,晚安,1,张星特不闭麦z,2025-04-24 01:25:37,1359356908
网易云音乐,会有人喜欢长相普通的我吗？,1,hill颖,2025-04-24 01:21:21,1359356908
网易云音乐,晚安,1,Nobob1,2025-04-24 01:19:48,1359356908
网易云音乐,人总是会变的 有一天我问你会不会陪我走很远的路 会不会接受我的幼稚 忍耐我的脾气 你说当然 后来你总说睡着了没看手机或者在忙 我发现人都是会变的 每个离开的人最初都会说坚定陪你走下去 可到最后远到提起往事都要说从前,1,-小璇一,2025-04-24 01:18:03,1359356908
网易云音乐,我不想内耗了，可我又舍不得，人呢还是那么矛盾，既然拒绝我表白，又为何和还有给我分享日常呢，啊啊啊啊啊，好不甘呢，“我不知道怎么谈恋爱”，好可笑的借口。[多多大笑][多多大笑][多多大笑][多多大笑],1,筱月魈,2025-04-24 01:14:19,1359356908
网易云音乐,晚安💤,1,天降云少,2025-04-24 01:14:01,1359356908
网易云音乐,喜欢你才说晚安的,1,熱帶雨林ii,2025-04-24 01:08:21,1359356908
网易云音乐,我真的只喜欢你  也只和你说晚安,1,Y喵少爷,2025-04-24 01:06:12,1359356908
网易云音乐,当你焦虑内耗时，请一定记得，人生只是各种体验的叠加，只要你想，你就可以去做那些无意义的事，比如发呆，看日出，数星屋。你的体验，就是最大的意义。人生并不是一定要去做大家世俗认为有意义的事，意义是自己赋予的，人生是旷野不是轨道，只要当下你是享受的就是有意义的。,1,小析翊,2025-04-24 01:04:41,1359356908
网易云音乐,(◍•ᴗ•◍),1,一只哄你开心的猫猫虫咧,2025-04-24 01:01:27,1359356908
网易云音乐,摸摸,1,一只哄你开心的猫猫虫咧,2025-04-24 01:01:12,1359356908
网易云音乐,晚安dyn,1,地狱是我家明白,2025-04-24 00:59:40,1359356908
网易云音乐,晚安 咩咩,1,freezzzzzz,2025-04-24 00:56:03,1359356908
网易云音乐,这里,1,戏腔boys,2025-04-24 00:56:01,1359356908
网易云音乐,这里,1,戏腔boys,2025-04-24 00:56:00,1359356908
网易云音乐,晚安 喵喵喵喵喵喵喵喵,1,我超浪漫的好吗,2025-04-24 00:55:41,1359356908
网易云音乐,我不会回头的 但是我又不甘心 在这里没有人认识我 谁来听听我的故事,1,秋可寒,2025-04-24 00:54:06,1359356908
网易云音乐,"晚安 还有17天～
",1,烦如心糟,2025-04-24 00:53:56,1359356908
网易云音乐,替你们试过了 能好好做朋友就别发展成恋人。,1,秋可寒,2025-04-24 00:53:04,1359356908
网易云音乐,"“几人份的畅谈 道三两句晚安，
惹多情的遐想 却轻易地走散。”",1,秋可寒,2025-04-24 00:52:52,1359356908
网易云音乐,25年了，再来听一次吧,1,好喜欢猫咪老师呐,2025-04-24 00:51:59,1359356908
网易云音乐,在这,1,好喜欢猫咪老师呐,2025-04-24 00:51:35,1359356908
网易云音乐,k 这是你当时最喜欢的歌 一听到这首就想起了当时的你 那时候的我们多好啊 现在却变成了最熟悉的陌生人 但是我不后悔 你教会了我很多事情 我长记性了 但是现在的我变了 不想了解其他人 也无法像以前一样热情了,1,秋可寒,2025-04-24 00:51:22,1359356908
网易云音乐,晚安 阿福,1,我超浪漫的好吗,2025-04-24 00:48:48,1359356908
网易云音乐,晚安晚安是什么,1,AK--yy,2025-04-24 00:43:39,1359356908
网易云音乐,明年四月我再来,1,汪庚弋,2025-04-24 00:41:16,1359356908
网易云音乐,大宝晚安( ˘ω˘ ),1,-記l憶-,2025-04-24 00:41:09,1359356908
网易云音乐,嘘 别吵 我在等一批2025年4月的人,1,酱香饼_McVe,2025-04-24 00:39:20,1359356908
网易云音乐,hi,1,竹石-亚欧地区花样装B大赛第一名,2025-04-24 00:39:03,1359356908
网易云音乐,陌生人晚安💤,1,鲨鱼0614,2025-04-24 00:31:55,1359356908
网易云音乐,晚安,1,天天想周,2025-04-24 00:29:58,1359356908
网易云音乐,在这里呦,1,猴小宝宝宝,2025-04-24 00:28:35,1359356908
网易云音乐,她的晚安还在吗,1,予悦yy,2025-04-24 00:28:01,1359356908
网易云音乐,小乖要早点睡觉咯，晚安。,1,许江宜_,2025-04-24 00:27:40,1359356908
网易云音乐,在呢在呢,1,佩皮尼昂霓虹紫西瓜,2025-04-24 00:24:23,1359356908
网易云音乐,谢谢,1,慕川of网易云,2025-04-24 00:18:46,1359356908
网易云音乐,也愿你每次都平平安安,1,慕川of网易云,2025-04-24 00:18:36,1359356908
网易云音乐,非常伟大的梦想，加油，一定会成功的,1,慕川of网易云,2025-04-24 00:18:21,1359356908
网易云音乐,这,1,若幸福就不听歌,2025-04-24 00:15:38,1359356908
网易云音乐,逼一个人对你好真的很没意思,1,有丶些,2025-04-24 00:14:51,1359356908
网易云音乐,晚安,1,待雨如晴,2025-04-24 00:13:53,1359356908
网易云音乐,好棒啊,1,懂我的敏感-,2025-04-24 00:13:42,1359356908
网易云音乐,好想出去淋雨哦～[憨笑][憨笑][憨笑],1,yangyang20_,2025-04-24 00:12:13,1359356908
网易云音乐,晚安,1,小_爱神,2025-04-24 00:11:34,1359356908
网易云音乐,@媛是我的一切 晚安,1,可我不善言表,2025-04-24 00:10:42,1359356908
网易云音乐,在你眼中 我是什么样子的,1,x_睡個好覺叭,2025-04-24 00:10:11,1359356908
网易云音乐,接,1,小鹿uv,2025-04-24 00:09:01,1359356908
网易云音乐,晚安💤,1,竹清清_,2025-04-24 00:06:14,1359356908
网易云音乐,说来奇怪 那天看到没有回复的信息以后我就真的开始新的生活了,1,-碎誓生锈-_,2025-04-24 00:05:39,1359356908
网易云音乐,最近热榜怎么都是我以前爱听的[大笑],1,Witd_798,2025-04-24 00:01:08,1359356908
网易云音乐,"哪个网易云十二周年，让我突然发觉这个歌已经是19年了吗
",1,素月1803,2025-04-24 00:00:18,1359356908
网易云音乐,安瑞敏,1,恨俊痛,2025-04-23 23:59:09,1359356908
网易云音乐,一直都很火,1,9_7iuk,2025-04-23 23:58:50,1359356908
网易云音乐,晚安,1,9_7iuk,2025-04-23 23:58:26,1359356908
网易云音乐,曾经多少个牵着肠拉扯不舍的夜晚,1,说实话我还是介意你和她,2025-04-23 23:57:08,1359356908
网易云音乐,哈喽,1,茹拉拉拉,2025-04-23 23:55:48,1359356908
网易云音乐,来了，隔壁没版权555,1,鹤酌,2025-04-23 23:53:42,1359356908
网易云音乐,你上学背课文一定很牛吧 人家说的话人家自己都已经忘了 你还能倒背如流 ,1,大雾的尽头,2025-04-23 23:53:23,1359356908
网易云音乐,"这嗓音我的天 我太爱了哇！！！！！！

",1,听点能听的,2025-04-23 23:53:00,1359356908
网易云音乐,"宝宝晚安 我希望你永远开心
",1,你总是叫我诺,2025-04-23 23:48:43,1359356908
网易云音乐,可是一个你和一个你很喜欢的人做朋友你会开心吗假如那天她带着她的对象来和你介绍你会好过吗,1,Parting专辑,2025-04-23 23:44:10,1359356908
网易云音乐,恨你突如其来的落差感 也念你最初那句晚安,1,不锈钢饭碗,2025-04-23 23:42:55,1359356908
网易云音乐,晚安,1,茉莉_7D,2025-04-23 23:42:40,1359356908
网易云音乐,可我还是觉得 不做恋人会很可惜,1,害羞3oO,2025-04-23 23:39:22,1359356908
网易云音乐,诶S1mon,1,番茄炒蛋-bw7,2025-04-23 23:37:43,1359356908
网易云音乐,晚安lsq,1,听不到鲸落uluvme,2025-04-23 23:37:13,1359356908
网易云音乐,晚安,1,听不到鲸落uluvme,2025-04-23 23:35:50,1359356908
网易云音乐,晚安不能对谁都说,1,窝素一只小勾,2025-04-23 23:33:22,1359356908
网易云音乐,加油,1,听不到鲸落uluvme,2025-04-23 23:32:51,1359356908
网易云音乐,我老师告诉我，只有懂得享受孤独的人，才能体会到更深层的精神内核，才能去思考更加高级的问题～所以一个人的人也许是适合去思考更深层问题的人～没必要羡慕别人吧～[亲亲][色],1,翎羽-zt,2025-04-23 23:31:40,1359356908
网易云音乐,如果睡觉可以逃避一切的话那我睡觉了,1,Hsun9_zuy,2025-04-23 23:30:16,1359356908
网易云音乐,晚安,1,LYBRelease,2025-04-23 23:30:09,1359356908
网易云音乐,人呀，总是自我感动，就像每次都是你说晚安晚安晚安,1,李秋桐i,2025-04-23 23:28:58,1359356908
网易云音乐,如果到最后你是幸福的那我也无所谓.,1,黎_璇,2025-04-23 23:28:46,1359356908
网易云音乐,我一个人也走了很远的路 我不将就.,1,黎_璇,2025-04-23 23:27:13,1359356908
网易云音乐,你的誓言在那个晚上像青烟一样飘走了无影无踪.,1,黎_璇,2025-04-23 23:25:53,1359356908
网易云音乐,谁又会甘心看着她去牵别人的手,1,孤舟云客,2025-04-23 23:25:19,1359356908
网易云音乐,改变不了你 所以我唯一能做的就是远离你.,1,黎_璇,2025-04-23 23:24:40,1359356908
网易云音乐,"幸福就像雨点 落不到每片树叶.

爱无解 如果有 那就是你.

我的名字那么短放在你心里就这么难吗.

我不是上帝 读不懂你的心思.

还是那句话 物质 陪伴 情绪 总要占一个.

没有行动的爱是废话.

想你 是夜深人静时的泪流满面.

[链接]送你一棵无忧树 许你以后无忧无虑.
",1,小柰呀-,2025-04-23 23:22:21,1359356908
网易云音乐,晚安,1,泪痛苦楚,2025-04-23 23:21:21,1359356908
网易云音乐,"晚安
",1,忘记不了那些痛_,2025-04-23 23:20:53,1359356908
网易云音乐,晚安,1,回忆最初的好,2025-04-23 23:20:50,1359356908
网易云音乐,无论今天过得怎么样，都希望你们可以好好睡觉，晚安啦,1,67love13,2025-04-23 23:20:31,1359356908
网易云音乐,hl,1,入東海-,2025-04-23 23:19:42,1359356908
网易云音乐,"红肿的眼睛 浓重的鼻音 是我爱过你的痕迹.

我爱你的一切 你可以爱我吗.

世界 让我幸福一次 就这么难吗.

你的宝宝那么多 我被挤来挤去很委屈.

如果没有你 我的世界早就崩塌了.

我站在清醒和麻木的边缘 不能堕落也不能解
脱.

风吹倒了梧桐树 也吹倒了我.

每天都像拆盲盒 总有不一样的苦难等着我.
",1,小柰呀-,2025-04-23 23:19:38,1359356908
网易云音乐,"可惜我不是你的only one

我故作狠心 结果才发现我离不开她.

到底要多漂亮的女孩 才能在爱里风生水起.

我就像花瓶一样 没花就是废品.

爱是我花钱都买不来的.

你若不嫌她素颜 她又怎么会嫌你没钱.

不知道什么是把妹王 只知道对你好是我的本能.

恋爱就像树叶 不是在绿就是在黄.

",1,小柰呀-,2025-04-23 23:17:08,1359356908
网易云音乐,两句晚安,1,小i依旧,2025-04-23 23:16:58,1359356908
网易云音乐,保护好自己才能保护好更多的人啊，记住了，加油哦,1,o我的天那,2025-04-23 23:16:11,1359356908
网易云音乐,痛苦总是不合时宜的出现,1,蒤侸,2025-04-23 23:15:34,1359356908
网易云音乐,晚安,1,冰雪博闻多识雪莲,2025-04-23 23:14:57,1359356908
网易云音乐,"了解我之后 就会讨厌我了.

我发誓 我不会再让她手臂上添半条疤.

爱是无辜的风筝 拉扯最在乎的人.

可能我不是最好的那个 但你不会遇到第二个我.

曾经我们也被羡慕 如今情难说出.

生活就像是一部老电影 永远是黑白两色.

我是一朵难养的花 你答应过会把我养好的.

你心里的那座城 终究属于谁呢.
",1,小柰呀-,2025-04-23 23:14:45,1359356908
网易云音乐,嘻嘻,1,冰雪博闻多识雪莲,2025-04-23 23:12:15,1359356908
网易云音乐,平安归来,1,安稳小雯,2025-04-23 23:12:13,1359356908
网易云音乐,咋又火咯[西西疑问]（无恶意）,1,2Y-x,2025-04-23 23:11:24,1359356908
网易云音乐,真的假的 楼丝,1,远离我--o,2025-04-23 23:11:21,1359356908
网易云音乐,@TtbXuuu ,1,福福xuxu,2025-04-23 23:09:58,1359356908
网易云音乐,还在处吗,1,禁佰邪,2025-04-23 23:08:10,1359356908
网易云音乐,此时一个三年后存款十位数的人赞了我,1,别凶猪猪i,2025-04-23 23:07:20,1359356908
网易云音乐,倘若那日誓言作数 这是我们的第二年,1,小猫咪小安,2025-04-23 23:05:55,1359356908
网易云音乐,人总是这样 心知肚明还有所期待,1,物质女孩终结者,2025-04-23 23:03:31,1359356908
网易云音乐,睡一觉就好了,1,恨你亿万次-,2025-04-23 23:03:17,1359356908
网易云音乐,晚安 送给晚睡的你们,1,我只会哭为难你了,2025-04-23 23:03:14,1359356908
网易云音乐,晚安,1,说话等掉哈,2025-04-23 23:02:39,1359356908
网易云音乐,晚安myw[爱心][爱心][爱心][爱心][爱心][爱心],1,小满爱电影,2025-04-23 23:02:17,1359356908
网易云音乐,我知道 总有一天 我会放下你 偶尔想起 也不会有波澜 我一直在骗我自己 企图让这个结局晚点来 但我忘了 就算开到0.5倍速 结局还是那个结局 都没变,1,一眼选中就是报应,2025-04-23 23:00:50,1359356908
网易云音乐, 枯燥生活中的一束光,1,我困在雨天里x,2025-04-23 22:59:31,1359356908
网易云音乐,"我对你说晚安,你对我说拜拜,或许是我在自找难堪",1,99岁老年梦,2025-04-23 22:58:20,1359356908
网易云音乐,"你的晚安 我的解药
",1,进击的自由羊,2025-04-23 22:57:14,1359356908
网易云音乐,真奇怪，今天又有点想你。我知道你身边很多人，我不是……你可能是无聊寂寞需要的时候我刚好在，我好像很可怕的会依赖的上瘾，清醒又糊涂的我，所以我知道你的随意也出动给你台阶，你下了，我好像还是在上上下下,1,Miss_Travel,2025-04-23 22:56:38,1359356908
网易云音乐,嗨咯,1,不过尔尔886,2025-04-23 22:55:50,1359356908
网易云音乐,来了,1,悲绪恒瑶,2025-04-23 22:51:54,1359356908
网易云音乐,晚安。,1,李黛玉丶,2025-04-23 22:46:42,1359356908
网易云音乐,666,1,夜霜玫瑰金黑糖,2025-04-23 22:45:21,1359356908
网易云音乐,王子兮和李嘉梁要永远在一起！,1,夜霜玫瑰金黑糖,2025-04-23 22:44:05,1359356908
网易云音乐,晚安,1,彩虹市的K老板,2025-04-23 22:39:44,1359356908
网易云音乐,晚安～,1,萏蒂纳艾,2025-04-23 22:34:06,1359356908
网易云音乐,天天开心,1,-林杺鸢,2025-04-23 22:33:35,1359356908
网易云音乐,天天开心,1,-林杺鸢,2025-04-23 22:33:29,1359356908
网易云音乐,晚安,1,-林杺鸢,2025-04-23 22:33:24,1359356908
网易云音乐,嘘 别吵 我在等一批2025年5月的人,1,-林杺鸢,2025-04-23 22:33:14,1359356908
网易云音乐,晚安,1,見1面馬,2025-04-23 22:32:49,1359356908
网易云音乐,我不止一次说过我不想你离开我,1,-花图图-,2025-04-23 22:32:39,1359356908
网易云音乐,曾经有个傻子 为了你不顾一切 最后换来的确实你的离开,1,-花图图-,2025-04-23 22:32:29,1359356908
网易云音乐,我再也不要那么痛苦啦 以后我都不会那么痛苦啦,1,狠心俩字,2025-04-23 22:32:00,1359356908
网易云音乐,晚安 你以后怎样都不关我的事了 我也不会窥探你的生活了,1,涵不涵0,2025-04-23 22:31:56,1359356908
网易云音乐,晚安💤,1,某白不知名使徒,2025-04-23 22:31:45,1359356908
网易云音乐,晚安,1,狠心俩字,2025-04-23 22:31:40,1359356908
网易云音乐,给你们说再见 没有以后啦,1,狠心俩字,2025-04-23 22:31:29,1359356908
网易云音乐,晚安哦，好梦,1,雁过时正听雨,2025-04-23 22:31:09,1359356908
网易云音乐,"你来过很多地方，却唯独没有来过的我主页，我亲爱的朋友 能来听听我的歌吗，，，，虽然比较小众，没什么人听过。[小红花]2025
期待",1,瓦达西白龙叠丝,2025-04-23 22:29:57,1359356908
网易云音乐,我也需要,1,-Ain繁花重度依赖-,2025-04-23 22:27:21,1359356908
网易云音乐,被动选无人在意就不会丢人了[亲亲],1,-Ain繁花重度依赖-,2025-04-23 22:26:45,1359356908
网易云音乐,记得注销账号,1,-Ain繁花重度依赖-,2025-04-23 22:26:03,1359356908
网易云音乐,鹿晗老師加油 阿彌陀佛,1,小殼夫人,2025-04-23 22:24:01,1359356908
网易云音乐,好久不见 还在听吗？,1,厌弃烂回忆,2025-04-23 22:23:40,1359356908
网易云音乐,哈喽,1,厌弃烂回忆,2025-04-23 22:21:06,1359356908
网易云音乐,晚安,1,dd晚安a,2025-04-23 22:20:57,1359356908
网易云音乐,你很棒哟,1,一口喝99杯卡布奇诺,2025-04-23 22:20:48,1359356908
网易云音乐,晚安,1,如果你是我的晴天y,2025-04-23 22:20:42,1359356908
网易云音乐,想你却又见不到你,1,如果你是我的晴天y,2025-04-23 22:19:58,1359356908
网易云音乐,"想你却又见不到你
",1,如果你是我的晴天y,2025-04-23 22:19:38,1359356908
网易云音乐,嗨,1,斯塔夫罗波尔徒步小提琴音乐,2025-04-23 22:17:58,1359356908
网易云音乐,i   likeyou,1,_t1ove,2025-04-23 22:17:52,1359356908
网易云音乐,你好呀,1,我命由我不由天zsc,2025-04-23 22:17:02,1359356908
网易云音乐,！啊,1,Yang_c_T1Lw,2025-04-23 22:16:09,1359356908
网易云音乐,好棒哦 继续加油哦[可爱],1,漾醢,2025-04-23 22:05:25,1359356908
网易云音乐,1.1倍速的好听[大笑],1,小烁嘛,2025-04-23 22:04:37,1359356908
网易云音乐,聊天记录是不是越往上翻你就越爱我。越往下翻就是“我爱你”,1,听依碎碎念_Yi,2025-04-23 22:04:26,1359356908
网易云音乐,[多多大笑],1,文轩_yyrl,2025-04-23 22:02:24,1359356908
网易云音乐,现在只记得你的晚安,1,回忆最是刺痛,2025-04-23 22:02:01,1359356908
网易云音乐,4月的,1,不要叫我欧马尾,2025-04-23 22:00:33,1359356908
网易云音乐,1@nakks ,1,輪廓失,2025-04-23 22:00:17,1359356908
网易云音乐,我肯定是最晚一个听这个的人肯定没有比我更晚的了,1,圆乌龟,2025-04-23 21:58:56,1359356908
网易云音乐,晚安,1,风-lx,2025-04-23 21:58:38,1359356908
网易云音乐,今天的点赞是蛋糕哦😜,1,静坐聆听新世纪伟大思想,2025-04-23 21:57:17,1359356908
网易云音乐,"晚安，素未谋面的网易云歌迷们
",1,薪尽自然樑同学,2025-04-23 21:54:43,1359356908
网易云音乐,其实，我只是想起你了，并不是想你……,1,薪尽自然樑同学,2025-04-23 21:54:02,1359356908
网易云音乐,陌生人，我想听一句晚安,1,命运末影,2025-04-23 21:52:16,1359356908
网易云音乐,"预告片：2026
被Crush倒追
期末考个理想的成绩
朋友都是真心的
一辈子没有烦恼
天天开心 事事顺利
冷知识：不会无缘无故刷到",1,范小淅,2025-04-23 21:52:08,1359356908
网易云音乐,谢谢,1,勿忘我_xFAz,2025-04-23 21:52:06,1359356908
网易云音乐,19年听的歌，现在还有人哦～,1,勿忘我_xFAz,2025-04-23 21:51:19,1359356908
网易云音乐,开始下一段,1,勿忘我_xFAz,2025-04-23 21:50:52,1359356908
网易云音乐,就这个颜人中爆,1,秦简不勤Zzz,2025-04-23 21:48:49,1359356908
网易云音乐,互粉,1,洋少且66,2025-04-23 21:45:46,1359356908
网易云音乐,晚安,1,要早睡ovo_,2025-04-23 21:43:33,1359356908
网易云音乐,祝网易云音乐12周年快乐,1,岳不美丽,2025-04-23 21:43:14,1359356908
网易云音乐,炀炀 晚安,1,唉又是阴天,2025-04-23 21:41:31,1359356908
网易云音乐,"淋淋晚安
",1,呆兔犯,2025-04-23 21:39:31,1359356908
网易云音乐,澈澈晚安哟～记得照顾好自己，你的妈妈一定会赢！[越来越好][一路顺风][约定]祝澈澈妈妈会赢！,1,Lizixuan226,2025-04-23 21:36:14,1359356908
网易云音乐,我会忘掉的 我会忘掉你站在我身边 低头听我说话的样子 我会忘掉你牵我手的感觉 我会忘掉你身上的味道 我会忘掉每次见面的开心 我会忘掉去见你时的期盼 我会忘掉一切一切 你的脸 你的笑我也会忘掉的 我始终记得第一次见你的模样 难免有点哽咽,1,如果可以我想订一份好的睡眠,2025-04-23 21:35:06,1359356908
网易云音乐,晚安,1,Eazinx,2025-04-23 21:34:57,1359356908
网易云音乐,晚安大同---早点睡颜人中[越来越好],1,小小君绝,2025-04-23 21:33:51,1359356908
网易云音乐,依然想他    依然想听他的晚安,1,虎皮鹌鹑蛋红烧you,2025-04-23 21:33:17,1359356908
网易云音乐,"雪花再一次飘落这一次你能不能握紧我的手

我试着去翻到回忆 却再也找不回原来的我们

感动代替不了感情 念旧再也回不到曾经

零零散散的世界 遇见你是我最大的幸福

心疼吗 心疼就好好爱一次

人最笨的时候就是什么都想要问清楚",1,涛涛不绝P,2025-04-23 21:31:52,1359356908
网易云音乐,so,1,是一只小小的小曦子呀,2025-04-23 21:31:11,1359356908
网易云音乐,未成年的恋爱真的会有结果吗？,1,不是走了啊,2025-04-23 21:27:55,1359356908
网易云音乐,哪有人愿意自杀嘛 她只是渴望被爱而已.,1,约定风平,2025-04-23 21:26:45,1359356908
网易云音乐,嗨~晚安,1,这么圆哟,2025-04-23 21:24:27,1359356908
网易云音乐,我不怪路不平我怪自己没看清.,1,约定风平,2025-04-23 21:23:45,1359356908
网易云音乐,圆周率没有尽头人们也只记得开头.,1,约定风平,2025-04-23 21:23:40,1359356908
网易云音乐,时间教会了我两样东西珍惜和放弃.,1,约定风平,2025-04-23 21:23:34,1359356908
网易云音乐,看着树上掉下的落叶就像破碎了自己.,1,约定风平,2025-04-23 21:23:29,1359356908
网易云音乐,我需要你的千言万语嘛 我只要你待我如初.,1,约定风平,2025-04-23 21:23:23,1359356908
网易云音乐,总有个小孩 为了爱伤痕累累.,1,约定风平,2025-04-23 21:23:17,1359356908
网易云音乐,生活不像电影所以我告诉自己没关系.,1,约定风平,2025-04-23 21:23:11,1359356908
网易云音乐,幸福就是找一个和自己一样有良心的人.,1,约定风平,2025-04-23 21:23:04,1359356908
网易云音乐,可能是我运气不行遇见的人都不太真诚,1,约定风平,2025-04-23 21:22:57,1359356908
网易云音乐,我需要一个站在我身边的而不是指责我的.,1,约定风平,2025-04-23 21:22:50,1359356908
网易云音乐,我走向你你选择别人于是我不言不语.,1,约定风平,2025-04-23 21:22:44,1359356908
网易云音乐,我唯一不后悔的就是与你相识,1,约定风平,2025-04-23 21:22:37,1359356908
网易云音乐,"一路有你的陪伴,便是我最大的荣幸",1,约定风平,2025-04-23 21:22:32,1359356908
网易云音乐,心情不好的时候别忘了你身后还有个我,1,约定风平,2025-04-23 21:22:24,1359356908
网易云音乐,我想要很多很多爱或者很短很短的命.,1,约定风平,2025-04-23 21:22:18,1359356908
网易云音乐,幸福是一场豪赌眼泪是我的赌注.,1,约定风平,2025-04-23 21:22:14,1359356908
网易云音乐,心碎无声无息你又怎么会注意到呢.,1,约定风平,2025-04-23 21:22:09,1359356908
网易云音乐,别对世界充满希望站在楼顶就知道结果.,1,约定风平,2025-04-23 21:22:03,1359356908
网易云音乐,是我不配幸福嘛还是幸福轮不到我.,1,约定风平,2025-04-23 21:21:59,1359356908
网易云音乐,后来明白了真正的离开是悄无声息的.,1,约定风平,2025-04-23 21:21:51,1359356908
网易云音乐,我试着去翻到回忆 却再也找不回原来的我们,1,涛涛不绝P,2025-04-23 21:16:31,1359356908
网易云音乐,用这个音乐配上舍不得删的团体照,1,天真是泪本质,2025-04-23 21:15:06,1359356908
网易云音乐,好听啊。,1,笑笑吖_1540,2025-04-23 21:04:32,1359356908
网易云音乐,你永远不会知道 那个为了你失去理智的人 突然安静下来 不哭不闹 不会打扰 她是经历了怎样的心疼 算了 你也不会心疼.,1,Re_緗,2025-04-23 21:04:31,1359356908
网易云音乐,"三字  难重逢.

无所谓无人在意.

好烦  好累 好想哭.

我堆积的思念你能听见吗.

你总说我变了而是我经历了太多.

相遇不一定有结局 但一定有意义.

情绪上头的时候除了崩溃还是崩溃.

周围都是漂亮的花 确实没有必要选我.",1,i翻-篇,2025-04-23 21:00:54,1359356908
网易云音乐,"你的语气 我的天气.

泪水打湿我的眼眶 我们也难回到从前.

拧巴的人总在充当明媚的角色.

你总是轻描淡写背后的痛你是句句不提.

还记得吗你说爱我的那年.

可我也讨厌我那阴晴不定的性格.

顺其自然爱自有天意.

如果我是薄情寡义的人 那凌晨流泪的人就不会是我.",1,i翻-篇,2025-04-23 21:00:41,1359356908
网易云音乐,"选我吧 稳赢.

共情的不是文案  是曾经的我.

幸福是块昂贵的蛋糕 我始终还未品尝.

你总以为我在跟你妥协 其实我在跟你告别.

在眼泪中 我看清了我们的距离.

可惜爱不是诗 我只能欲言又止.

嘴上说着无所谓 心里怎会不流泪.

突然的早睡 永远代替不开心.",1,i翻-篇,2025-04-23 21:00:30,1359356908
网易云音乐,"零下的冬 炽热的爱 又是一个人.

没有靠山的时候就往自己身上靠靠.

陪一根 敬我们不堪的回忆.

可惜我心软 做不到失我者永失.

那一年 我们也说过永远.

没有深清专一只是爱了一个人很久很久.

怎么分了你不是说他是你的挚爱吗

今年的冬天能一起看雪吗.",1,i翻-篇,2025-04-23 21:00:17,1359356908
网易云音乐,"其实我很清楚 我很委屈 你也是.

我爱每一个陪伴过我的人.

记忆中的你太好了难忘也难说.

如果相处太累及时告别没有错.

我总想等等再等等.

聊天记录往上翻回到你爱我的瞬间.

黑名单里躺着的都是曾经的VIP.

如果梦里有我想要的 那我一定早睡.

今年冬天格外的冷 遗憾你比冬天先离开.",1,i翻-篇,2025-04-23 21:00:05,1359356908
网易云音乐,"我想要的从来都不是一句对不起.

我爱你可你好像不爱我.

会幸福吗 他好像不耐烦了.

受不了我情绪就不要跟我永远.

所有的原谅 其实因为都是不想失去.

唯一能伤害到我的都是我在意的.

为你流过的泪 回头打滑告诉我没必要.

你每次生气的时候总会拿我脾气说事.",1,i翻-篇,2025-04-23 20:59:51,1359356908
网易云音乐,罐头鱼 晚安,1,冬京总是雨,2025-04-23 20:59:17,1359356908
网易云音乐,都说失去了才会懂得珍惜其实珍惜过后失去比什么都痛,1,诺糯不爱吃鱼,2025-04-23 20:58:43,1359356908
网易云音乐,我本来是要淋雨的，你非要给我撑伞，我会走不快，你也会淋湿，到头来你还要埋怨我。,1,诺糯不爱吃鱼,2025-04-23 20:57:28,1359356908
网易云音乐,这没骨气 心情好就原谅整个世界,1,敏感使我共鸣,2025-04-23 20:55:47,1359356908
网易云音乐,4月23,1,酒店学习巴西爵士,2025-04-23 20:52:22,1359356908
网易云音乐,云南天气好不好 你好不好,1,yin_ilove,2025-04-23 20:47:35,1359356908
网易云音乐,晚安,1,Sidhuwik,2025-04-23 20:46:52,1359356908
网易云音乐,😄,1,怡晚sulili,2025-04-23 20:43:58,1359356908
网易云音乐,情头也偷啊[流泪],1,枯木滕,2025-04-23 20:43:36,1359356908
网易云音乐,接,1,晞aaa,2025-04-23 20:40:15,1359356908
网易云音乐,缘分像一条线紧了会断松了会不见,1,相识ks,2025-04-23 20:39:08,1359356908
网易云音乐,官方现在文案圈好多人都退了  官方你是要让我们文案圈彻底没有知名度吗,1,知郁_uQex,2025-04-23 20:37:56,1359356908
网易云音乐,唉,1,湖南出了名的烂,2025-04-23 20:36:58,1359356908
网易云音乐,头像已偷,1,Yang_c_T1Lw,2025-04-23 20:35:52,1359356908
网易云音乐,不了。,1,Yang_c_T1Lw,2025-04-23 20:35:27,1359356908
网易云音乐,手机吗,1,Yang_c_T1Lw,2025-04-23 20:34:36,1359356908
网易云音乐,我想和她做朋友，可我不想看她喜欢别的人,1,Aizeli丽,2025-04-23 20:34:24,1359356908
网易云音乐,这里~,1,煎紫薯,2025-04-23 20:34:09,1359356908
网易云音乐,有些东西是该放下,1,夕颜_x8tT,2025-04-23 20:31:40,1359356908
网易云音乐,听了3年晚安，还是忘记不了你的那句晚安,1,那就叫你芯芯,2025-04-23 20:27:23,1359356908
网易云音乐,晚安,1,那就叫你芯芯,2025-04-23 20:26:04,1359356908
网易云音乐,宝宝终于听到现场版晚安啦 希望你一直唱歌 颜人中越来越好,1,刘什么1y,2025-04-23 20:24:52,1359356908
网易云音乐,"唉
",1,与泪做伴,2025-04-23 20:24:32,1359356908
网易云音乐,我宁愿满身烟味 也不眼里含泪,1,Y痛斥,2025-04-23 20:22:14,1359356908
网易云音乐,我不再需要可有可无的友情,1,Cdokii,2025-04-23 20:21:09,1359356908
网易云音乐,关于你的一切都没忘从你我相识那天起,1,Y痛斥,2025-04-23 20:20:13,1359356908
网易云音乐,谢谢,1,为尘事贪了杯,2025-04-23 20:20:04,1359356908
网易云音乐,你会痛恨我吗 奇怪的脾气执拗的性格,1,拜托微辣,2025-04-23 20:17:52,1359356908
网易云音乐,互关,1,拜托微辣,2025-04-23 20:17:32,1359356908
网易云音乐,用承诺绑住一个人 那太残忍了 晚安亲爱的 希望你永远辛福.,1,Y9_04,2025-04-23 20:15:49,1359356908
网易云音乐,晚安陌生人,1,枯木滕,2025-04-23 20:15:40,1359356908
网易云音乐,一个背影就能认出来 你让我怎么忘,1,Y痛斥,2025-04-23 20:15:32,1359356908
网易云音乐,2025年听晚安的人永远幸福。,1,樱花树下萌的战绩可查,2025-04-23 20:15:14,1359356908
网易云音乐,还看不,1,Dear_330,2025-04-23 20:14:59,1359356908
网易云音乐,深夜 emo 时刻的软肋 氛围型重磅炸弹,1,A-YTO,2025-04-23 20:14:06,1359356908
网易云音乐,接了,1,誓如约m,2025-04-23 20:13:54,1359356908
网易云音乐,今天是4月23号，明天期中考试，有点紧张，第一次裸考，其他一切安好，也希望你们天天开心,1,恋以愿,2025-04-23 20:12:34,1359356908
网易云音乐,"“他缺点多吗?”
“多，像星星一样多。”
“那优点呢?”
“像太阳一样少。”
“那你为什么喜欢他?”
“因为太阳一出来星星就都不见了。”",1,_iyyw17_,2025-04-23 19:59:48,1359356908
网易云音乐,其实，我只是想起你了，并不是想你……,1,薪尽自然樑同学,2025-04-23 19:58:33,1359356908
网易云音乐,52天后中考顺利。,1,血契骨钉,2025-04-23 19:54:37,1359356908
网易云音乐,“还忘不了她吗？” “早忘了。” “我还没说是谁...”,1,深海鱼子魉,2025-04-23 19:52:06,1359356908
网易云音乐,^晚安过后 还是会想很多 失眠的夜 只有眼泪陪伴.💤,1,冬日冰椰子,2025-04-23 19:51:47,1359356908
网易云音乐,有人发现颜人中600w粉丝了吗！,1,潇洒一只忆,2025-04-23 19:51:37,1359356908
网易云音乐,来啦,1,绿水人家绕1997,2025-04-23 19:46:51,1359356908
网易云音乐,高考倒计时45天,1,-陳_1-,2025-04-23 19:45:16,1359356908
网易云音乐,这,1,萝卜张___,2025-04-23 19:37:42,1359356908
网易云音乐,晚安,1,阴郁令你费解,2025-04-23 19:37:26,1359356908
网易云音乐,悲伤原来捂住眼睛，也会从鼻子里流出来,1,生命万歳,2025-04-23 19:32:19,1359356908
网易云音乐,好听,1,shore_海岸,2025-04-23 19:22:35,1359356908
网易云音乐,高一的单曲循环,1,伤痕肌,2025-04-23 19:22:15,1359356908
网易云音乐,接,1,厌烦小雨天和你,2025-04-23 19:15:01,1359356908
网易云音乐,晚安,1,立秋超群巧克力,2025-04-23 19:12:06,1359356908
网易云音乐,和喜欢的人说晚安吧,1,小羊冰7,2025-04-23 19:10:42,1359356908
网易云音乐,[多多比耶],1,一祺吃鱼,2025-04-23 19:08:43,1359356908
网易云音乐,做人不能太天真  除有人懂你的天真.,1,那就宅一辈子-,2025-04-23 19:06:30,1359356908
网易云音乐,来了,1,上官默耶,2025-04-23 19:05:50,1359356908
网易云音乐,错过了 就是错过了…,1,唱跳rap的仙女沫,2025-04-23 18:59:50,1359356908
网易云音乐,天津的吗 我也是 祝你得偿所愿,1,我飘在他心里,2025-04-23 18:53:36,1359356908
网易云音乐,好的 宝宝,1,写封告白信说爱你,2025-04-23 18:52:28,1359356908
网易云音乐,但是真的会有这样的人吗,1,秋末残雪mad,2025-04-23 18:37:03,1359356908
网易云音乐,点赞有特效[多多比耶],1,漏尿被护工打,2025-04-23 18:27:28,1359356908
网易云音乐,她们都嘲笑我，她踩我板凳，踢我板凳，跟他朋友说，看不起我是吧？总有，一天我会给你们看的。,1,极品布偶,2025-04-23 18:26:09,1359356908
网易云音乐,这里,1,三人鑫ym,2025-04-23 18:24:46,1359356908
网易云音乐,这里,1,爱意漫诗尾,2025-04-23 17:54:29,1359356908
网易云音乐,甘肃的天气好不好，静静你过得好不好,1,野_原_琳_,2025-04-23 17:51:52,1359356908
网易云音乐,滴滴滴,1,昆卡深棕绿音符,2025-04-23 17:51:47,1359356908
网易云音乐,晚安,1,鱼脆饼,2025-04-23 17:50:10,1359356908
网易云音乐,兄弟可以的，干就完了，安安全全的,1,今碗早点睡_,2025-04-23 17:36:34,1359356908
网易云音乐,"三字  难重逢.

无所谓无人在意.

好烦  好累 好想哭.

我堆积的思念你能听见吗.

你总说我变了而是我经历了太多.

相遇不一定有结局 但一定有意义.

情绪上头的时候除了崩溃还是崩溃.

周围都是漂亮的花 确实没有必要选我.

",1,ID王欣凯,2025-04-23 17:32:10,1359356908
网易云音乐,"你的语气 我的天气.

泪水打湿我的眼眶 我们也难回到从前.

拧巴的人总在充当明媚的角色.

你总是轻描淡写背后的痛你是句句不提.

还记得吗你说爱我的那年.

可我也讨厌我那阴晴不定的性格.

顺其自然爱自有天意.

如果我是薄情寡义的人 那凌晨流泪的人就不会是我.",1,ID王欣凯,2025-04-23 17:27:25,1359356908
网易云音乐,"选我吧 稳赢.

共情的不是文案  是曾经的我.

幸福是块昂贵的蛋糕 我始终还未品尝.

你总以为我在跟你妥协 其实我在跟你告别.

在眼泪中 我看清了我们的距离.

可惜爱不是诗 我只能欲言又止.

嘴上说着无所谓 心里怎会不流泪.

突然的早睡 永远代替不开心.",1,ID王欣凯,2025-04-23 17:25:30,1359356908
网易云音乐,"零下的冬 炽热的爱 又是一个人.

没有靠山的时候就往自己身上靠靠.

陪一根 敬我们不堪的回忆.

可惜我心软 做不到失我者永失.

那一年 我们也说过永远.

没有深清专一只是爱了一个人很久很久.

怎么分了你不是说他是你的挚爱吗

今年的冬天能一起看雪吗.",1,ID王欣凯,2025-04-23 17:24:31,1359356908
网易云音乐,"其实我很清楚 我很委屈 你也是.

我爱每一个陪伴过我的人.

记忆中的你太好了难忘也难说.

如果相处太累及时告别没有错.

我总想等等再等等.

聊天记录往上翻回到你爱我的瞬间.

黑名单里躺着的都是曾经的VIP.

如果梦里有我想要的 那我一定早睡.

今年冬天格外的冷 遗憾你比冬天先离开.",1,ID王欣凯,2025-04-23 17:22:55,1359356908
网易云音乐,希望你下次遇到喜欢的人可以大胆一点，不要给自己留下遗憾哦[多多可怜],1,o邡飛懜葙fjh,2025-04-23 17:04:15,1359356908
网易云音乐,“朋友之上恋人未满”的关系太糟糕了,1,雨桜彼方,2025-04-23 16:58:30,1359356908
网易云音乐,不要让自己陷入自责与懊悔之中,1,风华灬怀旧,2025-04-23 16:44:17,1359356908
网易云音乐,我也等了很久 但还是没等到,1,用户1441159175,2025-04-23 16:16:01,1359356908
网易云音乐,"我想要的从来都不是一句对不起.

我爱你可你好像不爱我.

会幸福吗 他好像不耐烦了.

受不了我情绪就不要跟我永远.

所有的原谅 其实因为都是不想失去.

唯一能伤害到我的都是我在意的.

为你流过的泪 回头打滑告诉我没必要.

你每次生气的时候总会拿我脾气说事.",1,夜怜安lyh,2025-04-23 16:03:18,1359356908
网易云音乐,不想你了，晚安,1,龙子王99917,2025-04-23 16:01:04,1359356908
网易云音乐,"全是小学生，全都为情所困，
被甩了就打开音乐播放器找伤感音乐听，小小年纪就一把年纪[大哭]
而我，也曾经为她痴迷过，分手后有些失落。而你，我的朋友，开心点，未来还长，不必为她而浪费时间",1,枫析了,2025-04-23 15:55:34,1359356908
网易云音乐,我始终猜不透你 也许你从未在意过我,1,恸垳,2025-04-23 15:54:00,1359356908
网易云音乐,"没有突如其来的冷淡 起初就没那么喜欢你.

你最懂我了 可最近我们话不多.

想到我们曾经也那么好 我也好想哭.

每一滴眼泪都是爱要消失的证据.

我不在相信承诺 我只要无条件的陪伴.

想放弃却又舍不得想继续却没又意义.

有些话我听了会高兴 但我永远不相信.

我知道没有人会爱我的全部包括我的情绪.",1,夜怜安lyh,2025-04-23 15:47:43,1359356908
网易云音乐,你的一句轻描淡写 我却想了好多天.,1,书生讲义气,2025-04-23 15:20:01,1359356908
网易云音乐,谁能想到这是我初三的单曲循环,1,窗外哼清照,2025-04-23 15:19:04,1359356908
网易云音乐,这里,1,啾太郎不要太可爱,2025-04-23 15:04:24,1359356908
网易云音乐,所以你是怎么做到这么洒脱的,1,本人已死tex,2025-04-23 14:18:42,1359356908
网易云音乐,喜欢固定的位置，同一款奶茶，不变的朋友,1,瓦达西白龙叠丝,2025-04-23 13:59:59,1359356908
网易云音乐,我也是一名高中牲！一起加油！,1,喜尾smy,2025-04-23 13:35:49,1359356908
网易云音乐,生活好像不应该这样 但又只能这样,1,余味惜陌,2025-04-23 13:24:00,1359356908
网易云音乐,这次没骗你们，十二周年点赞是真的有特效[多多大笑],1,云漫雨,2025-04-23 13:21:56,1359356908
网易云音乐,你是我的满目山河，亦是我的爱而不得。我爱你，你要记得我,1,爱楼的平房,2025-04-23 13:17:26,1359356908
网易云音乐,"可是都不真诚，新鲜感太快了
",1,试用期颂,2025-04-23 13:10:21,1359356908
网易云音乐,可是你不说出来我怎么能知道呢？[多多大哭],1,天知道小白鼠,2025-04-23 13:00:06,1359356908
网易云音乐,我发现我总是偷偷生了很多人的气 又偷偷地原谅了很多人 有时候我甚至下定决心再也不原谅的 但是下一秒我可能因为一点小事又原谅了 当我意识到的时候 我才恍惚间发现 我的情绪都在不知不觉间自己消化了 原来一直让我受委屈的竟然是我自己,1,巴噶雅鹿,2025-04-23 12:59:09,1359356908
网易云音乐,山高路远 你是我唯一带不走的行李,1,yin_ilove,2025-04-23 12:53:47,1359356908
网易云音乐,不知道你在想我的时候会不会想起我也想你,1,地黑旋风,2025-04-23 12:52:23,1359356908
网易云音乐,可是这个世上太多人不真诚 被爱就像中彩票 ,1,别凶猪猪i,2025-04-23 12:50:32,1359356908
网易云音乐,来了,1,Svki痛,2025-04-23 12:34:04,1359356908
网易云音乐,颜人中天天开心,1,cii77b,2025-04-23 12:29:28,1359356908
网易云音乐,是我,1,栀韵yu,2025-04-23 12:19:48,1359356908
网易云音乐,怎么说不出晚安，那就祝你早安午安晚安。,1,李黛玉丶,2025-04-23 12:19:14,1359356908
网易云音乐,.?.................?不贵 ..,1,狸奴0627,2025-04-23 12:06:48,1359356908
网易云音乐,一直很火啊,1,肥肥瘦了卜可爱-,2025-04-23 12:04:47,1359356908
网易云音乐,"我们全市第一都不到670,江苏欢迎你们",1,剑南春www,2025-04-23 11:55:59,1359356908
网易云音乐,哈喽啊,1,薛定谔的他hjh,2025-04-23 11:49:57,1359356908
网易云音乐,"小子，看清楚你身上的VIP再说话
复制文案 骗人[奸笑]",1,梦醒吹风过,2025-04-23 11:40:42,1359356908
网易云音乐,晚安,1,单调冰冷,2025-04-23 11:37:56,1359356908
网易云音乐,祝你心想事成,1,单调冰冷,2025-04-23 11:37:38,1359356908
网易云音乐,忘了吗,1,单调冰冷,2025-04-23 11:36:59,1359356908
网易云音乐,忘记跟在一起 是两码事,1,tangshiyyy,2025-04-23 11:20:38,1359356908
网易云音乐,到,1,曲吉MU,2025-04-23 10:51:21,1359356908
网易云音乐,[多多大笑][多多大笑],1,听雷2007,2025-04-23 10:42:42,1359356908
网易云音乐,y8o9po,1,1-炊烟,2025-04-23 10:41:12,1359356908
网易云音乐,因为你唱的我才听，你唱的好好听,1,盛装登场杀完就走,2025-04-23 10:23:20,1359356908
网易云音乐,唉 好累 大家一起来叹气吧,1,帅到被通缉嘟午夜忧郁霸总,2025-04-23 10:17:33,1359356908
网易云音乐,晚安💤,1,蔷薇门,2025-04-23 10:16:52,1359356908
网易云音乐,这首歌又上网易云热搜榜了[多多耍酷],1,A荧o,2025-04-23 10:15:42,1359356908
网易云音乐,这首歌怎么突然爆了？,1,含含涵涵,2025-04-23 10:12:13,1359356908
网易云音乐,这个歌，真的很神奇。一个人坐公交车回学校，戴上耳机然后点开了一下这首从未听过的歌，然后仿佛这个世界就变了，变得那么静谧美好，仿佛处在有湖有山有牛有草的世外仙境，没有勾心斗角，真好。,1,牙牙乐2992,2025-04-23 10:08:45,1359356908
网易云音乐,晚安，lala。,1,长安侠客辰,2025-04-23 10:00:18,1359356908
网易云音乐,"你来过很多地方，却唯独没有来过的我主页，亲爱的朋友 能来听听我的歌吗，虽然很小众，，没有什么人喜欢[小红花]2025
",1,瓦达西白龙叠丝,2025-04-23 09:58:47,1359356908
网易云音乐,这里,1,槐序深巷_HEar,2025-04-23 09:18:02,1359356908
网易云音乐,来了,1,执念毵落人间,2025-04-23 09:16:09,1359356908
网易云音乐,非得变得那么坏才能立足世界吗 可是我想当一辈子的小孩,1,宅宅ooO,2025-04-23 09:03:15,1359356908
网易云音乐,那很好了，像皇帝一样诶，开心了就大赦天下,1,长颈鹿的恋人吗,2025-04-23 08:55:31,1359356908
网易云音乐,喵,1,秀牛被偷拍,2025-04-23 08:34:43,1359356908
网易云音乐,哈哈哈,1,lengyiyang,2025-04-23 08:28:19,1359356908
网易云音乐,[可爱],1,许呦呦H,2025-04-23 08:28:07,1359356908
网易云音乐,可一见钟情的人怎会甘心只做朋友.,1,抱着小熊200328,2025-04-23 08:00:41,1359356908
网易云音乐,晚安可可 今天的晚安我替你说啦 不止晚安 也不止今天   ˃̶͈ ꇴ ˂̶͈   ,1,快觉睡,2025-04-23 07:51:50,1359356908
网易云音乐,如果我们有隔阂了 能不能发个hello重新开始.,1,忧郁是我主旋律,2025-04-23 07:19:01,1359356908
网易云音乐,"无所谓了
",1,生欢不在,2025-04-23 06:44:03,1359356908
网易云音乐,在等一个06的女孩😆,1,爱情主义Eh,2025-04-23 05:44:28,1359356908
网易云音乐,福建天气好不好 那个男孩对你好不好,1,向星许,2025-04-23 04:48:35,1359356908
网易云音乐,晚安 你不会知道了 因为我结婚了 ,1,水原禾乃,2025-04-23 03:36:46,1359356908
网易云音乐,晚安安,1,凌忾,2025-04-23 03:31:44,1359356908
网易云音乐,和别人谈起你 是我唯一能够正大光明想你的方式,1,你的陪伴抵一切,2025-04-23 03:21:02,1359356908
网易云音乐,很久了 我依然站在原地 或许你也没有想到 我会怀念这么久,1,你的陪伴抵一切,2025-04-23 03:20:53,1359356908
网易云音乐,晚安啦宝宝,1,你的陪伴抵一切,2025-04-23 03:20:25,1359356908
网易云音乐,很想你 但你要早睡๑≧∇≦๑,1,你的陪伴抵一切,2025-04-23 03:20:06,1359356908
网易云音乐,许愿qzc能一直陪着我,1,你的陪伴抵一切,2025-04-23 03:19:04,1359356908
网易云音乐,你会想起我吗,1,你不该闯进我的生活l,2025-04-23 02:52:35,1359356908
网易云音乐,曾经多少个牵肠拉扯不舍夜晚，到现在热情褪成陌路的感叹,1,BiteOnYourLipst,2025-04-23 02:47:11,1359356908
网易云音乐,时代的眼泪。,1,恬习,2025-04-23 02:19:09,1359356908
网易云音乐,不喜欢我不要找我聊天,1,krssubn,2025-04-23 01:50:02,1359356908
网易云音乐,我记得你最喜欢颜人中，这个时候你会还在听这首晚安吗？,1,钟意内_COIl,2025-04-23 01:49:26,1359356908
网易云音乐,晚安,1,落雨偏爱江南,2025-04-23 01:42:05,1359356908
网易云音乐,嗨,1,潭-0,2025-04-23 01:38:03,1359356908
网易云音乐,不为打翻的牛奶而哭泣,1,或许有点萌TuT,2025-04-23 01:35:04,1359356908
网易云音乐,“晚安”这个词可以对任何一个人说，但唯独对你是特别的，夜深了要说“晚”，因为是你才让我感觉“安”，但你的“晚安”真的太难等了，别等了吧……也不会感觉“安”了.,1,_釋憶,2025-04-23 01:32:18,1359356908
网易云音乐,时间没有让我忘记你 只是习惯了没有你,1,情绪悲剧,2025-04-23 01:16:19,1359356908
网易云音乐,再也没有人跟我说晚安了 再也没有人会在十点钟就哄着我睡觉了 他从来不会让我熬夜 哎 祝幸福,1,一棵树y11,2025-04-23 01:15:11,1359356908
网易云音乐,哥哥晚安…😪,1,elee-不想睡觉,2025-04-23 00:58:30,1359356908
网易云音乐,哈喽,1,MuNiraaaa__UUQo,2025-04-23 00:51:44,1359356908
网易云音乐,谢谢你的出现 让我天真了无数次 ,1,恨你不讲信用,2025-04-23 00:49:14,1359356908
网易云音乐,晚安sjf,1,轩_1222,2025-04-23 00:41:32,1359356908
网易云音乐,豪庭,1,白绾芊,2025-04-23 00:31:00,1359356908
网易云音乐,晚安。,1,竹清清_,2025-04-23 00:26:40,1359356908
网易云音乐,@媛是我的一切 晚安,1,可我不善言表,2025-04-23 00:21:37,1359356908
网易云音乐,你的消息太难等了那句晚安可能没机会了以后我们就是熟悉的陌生人了,1,思入眠,2025-04-23 00:20:15,1359356908
网易云音乐,晚安,1,茗茶芳香,2025-04-23 00:11:23,1359356908
网易云音乐,晚安,1,小_爱神,2025-04-23 00:05:37,1359356908
网易云音乐,不用躲藏着我了 这次我不找你了,1,心软病TAT,2025-04-22 23:58:54,1359356908
网易云音乐,恨你突如其来的落差感 但也念你最初的那句晚安,1,小凌_lAV8,2025-04-22 23:56:18,1359356908
网易云音乐,嘘 安静 睡觉啦 晚安哦[多多比耶][多多瞌睡],1,玥-葵奎川岛,2025-04-22 23:51:43,1359356908
网易云音乐,来了来了,1,qwejie,2025-04-22 23:50:08,1359356908
网易云音乐,晚安,1,米小圈D,2025-04-22 23:47:58,1359356908
网易云音乐,晚安,1,喜欢小名字,2025-04-22 23:45:10,1359356908
网易云音乐,明天再听一遍试试！,1,在楼下卖黄瓜和甜甜圈一夜暴富,2025-04-22 23:45:07,1359356908
网易云音乐,你痛斥我不懂爱 我给你的爱是束缚 是逼问 是流不完的泪 是不能好好说话 亲爱的是你不爱我了,1,宅宅ooO,2025-04-22 23:43:26,1359356908
网易云音乐,晚安,1,泪痛苦楚,2025-04-22 23:31:11,1359356908
网易云音乐,我总是爱犯困，所以总是掉眼泪,1,NV_千纸鹤,2025-04-22 23:25:57,1359356908
网易云音乐,好！做一个梦吧[憨笑],1,绯红色的鲨鱼辣椒,2025-04-22 23:21:48,1359356908
网易云音乐,晚安 你再也没有我的晚安了,1,我不是小貂,2025-04-22 23:07:09,1359356908
网易云音乐,我说的晚安是“我爱你”的意思,1,Scendlost,2025-04-22 23:02:08,1359356908
网易云音乐,你可以把你脆弱的一面展示给我 我不想听你说没事 ,1,恋谦脑,2025-04-22 22:59:06,1359356908
网易云音乐,踹,1,X_v_Q,2025-04-22 22:57:46,1359356908
网易云音乐,晚安,1,苦练刀刃,2025-04-22 22:52:00,1359356908
网易云音乐,这里,1,511319-,2025-04-22 22:51:32,1359356908
网易云音乐,戳戳,1,沙棠屿鳐,2025-04-22 22:42:27,1359356908
网易云音乐,我也痛恨自己的泪失禁。。算了 晚安。,1,世间不缺小羽,2025-04-22 22:42:16,1359356908
网易云音乐,可她并不是我的玫瑰啊……,1,Youtube新看点,2025-04-22 22:32:49,1359356908
网易云音乐,既然无法改变，那就让自己快乐一点吧[多多大笑],1,本尊小可爱,2025-04-22 22:32:37,1359356908
网易云音乐,隔着屏幕的爱能走多远呢,1,虚妄avh,2025-04-22 22:17:10,1359356908
网易云音乐,我,1,memories_GuLB,2025-04-22 22:16:28,1359356908
网易云音乐,晚安,1,memories_GuLB,2025-04-22 22:15:51,1359356908
网易云音乐,加油,1,memories_GuLB,2025-04-22 22:15:10,1359356908
网易云音乐,晚安,1,memories_GuLB,2025-04-22 22:14:46,1359356908
网易云音乐,来了,1,乐透人生www,2025-04-22 22:13:28,1359356908
网易云音乐,喜欢有人对我说晚安,1,小柒qo,2025-04-22 22:10:30,1359356908
网易云音乐,晚安,1,5u楠楠,2025-04-22 22:04:32,1359356908
网易云音乐,想要各位的一句  晚安,1,比目鱼_3i51,2025-04-22 22:02:08,1359356908
网易云音乐,好棒啊,1,烧酒菜的阿伯,2025-04-22 22:01:03,1359356908
网易云音乐,小悠,1,hy爱悠悠,2025-04-22 21:54:45,1359356908
网易云音乐,放得下你吗,1,怕冷-__,2025-04-22 21:54:30,1359356908
网易云音乐,好吧,1,仁失,2025-04-22 21:51:07,1359356908
网易云音乐,来了🌚,1,妳的天真愚蠢,2025-04-22 21:49:05,1359356908
网易云音乐,加油,1,seven_小涵,2025-04-22 21:40:20,1359356908
网易云音乐,可是我爱的那个男孩好像不喜欢我了,1,挽秋小公举,2025-04-22 21:40:19,1359356908
网易云音乐,借你吉言,1,倒写他,2025-04-22 21:23:55,1359356908
网易云音乐,晚安可以在对我说一遍吗,1,讨厌你似刀的语气,2025-04-22 21:23:52,1359356908
网易云音乐,你总让我觉得我的爱好廉价,1,让痛把你看清,2025-04-22 21:21:27,1359356908
网易云音乐,"其实我知道我一直是一个人
",1,翻篇wyt,2025-04-22 21:12:06,1359356908
网易云音乐,"我不再需要可有可无的友情

",1,翻篇wyt,2025-04-22 21:11:51,1359356908
网易云音乐,戎装披挂凌云志，不负青春少年郎。我向往那身军装，渴望在热血与汗水中淬炼成钢。军营是一鼎熔炉，是守护万家灯火的盾牌。我想把青春压进枪膛，让生命在报国路上绽放光芒——扛得起风雨，担得起山河，这才是值得骄傲的人生。我愿意将自己的一切奉献给我热爱的祖国和人民,1,ZenithLumos,2025-04-22 20:55:39,1359356908
网易云音乐,有买球的朋友吗[强],1,不纯粹的足球,2025-04-22 20:47:21,1359356908
网易云音乐,我也是，可惜都是暂无可查，直到今天，终于解封了，我终于知道他听的是什么歌了,1,誓死不渝峰,2025-04-22 20:44:49,1359356908
网易云音乐,好好睡觉 明天见！[多多大笑],1,hut系咯咯,2025-04-22 20:35:08,1359356908
网易云音乐,我在黑夜中迷失了自己，所以我要把自己找回来！,1,一生败于情qwt,2025-04-22 20:27:00,1359356908
网易云音乐,可是孤独本来就是常态啊！,1,卑微de承諾okh,2025-04-22 20:22:08,1359356908
网易云音乐,你怎么了,1,柔jl,2025-04-22 20:15:44,1359356908
网易云音乐,大中午晚什么安啊？,1,柔jl,2025-04-22 20:15:26,1359356908
网易云音乐,需要多少,1,柔jl,2025-04-22 20:14:24,1359356908
网易云音乐,别累TVT,1,柔jl,2025-04-22 20:14:16,1359356908
网易云音乐,呜呜呜我也好喜欢她讲的这段话[流泪][流泪],1,粉笔小夜-,2025-04-22 19:55:48,1359356908
网易云音乐,好累,1,仁失,2025-04-22 19:54:25,1359356908
网易云音乐,我喜欢的人我不说出口他永远不知道我喜欢他,1,光暗少年,2025-04-22 19:52:45,1359356908
网易云音乐,曾经的晚安 现在的黑名单,1,来一碗豆浆zz,2025-04-22 19:49:26,1359356908
网易云音乐,别想太多，好好生活也许日子过着过着就会有答案努力走着走着就会有温柔的着落[多多大笑],1,月衔瓷影,2025-04-22 19:45:32,1359356908
网易云音乐,不要总想着依靠别人 要自己长大 如果没人护你周全 请记得保护自己 愿你可以做自己的小太阳 闪闪发光的同时也自带防晒,1,天降之炎,2025-04-22 19:44:02,1359356908
网易云音乐,可是真正喜欢的人不会这么容易就忘掉啊[多多大哭],1,归晚wra,2025-04-22 19:39:55,1359356908
网易云音乐,我永远忘不了我的青春被毁掉的那个夏天 我甚至想逃离这个世界,1,君主jru,2025-04-22 19:29:25,1359356908
网易云音乐,2025年了有谁还在听晚安,1,w与神明同游,2025-04-22 19:27:18,1359356908
网易云音乐,“晚安”是我能对你说的最后一句话了[多多难过],1,彼岸花开绫小路君彼兮,2025-04-22 19:20:59,1359356908
网易云音乐,抱抱你[可爱]要好好的啊乖乖！,1,十月不可能存在的樱花,2025-04-22 19:02:19,1359356908
网易云音乐,好好生活吧 会有更好的人在等你哦,1,是麻酱咩,2025-04-22 18:55:25,1359356908
网易云音乐,别熬夜啦宝贝[多多可怜],1,毛毛vfx,2025-04-22 18:37:44,1359356908
网易云音乐,喵喵喵,1,自由鸟_701,2025-04-22 18:26:43,1359356908
网易云音乐,你好,1,0324_r54U,2025-04-22 18:23:06,1359356908
网易云音乐,或许离别太久了 早已不合适重逢了 就像你说的那些都是以前了,1,小岛愉悦节奏,2025-04-22 18:20:32,1359356908
网易云音乐,哈喽,1,垚想见一面,2025-04-22 17:41:01,1359356908
网易云音乐,看到伤感文案非常有感触但至今与0个异性有过感情纠葛是因为什么[便便][便便],1,小星落云,2025-04-22 17:23:33,1359356908
网易云音乐,[流泪][流泪],1,1mo唯唯,2025-04-22 16:54:30,1359356908
网易云音乐,哈哈哈 我现在设置不看他了,1,1mo唯唯,2025-04-22 16:53:17,1359356908
网易云音乐,差一步美满，就牵着手走散~,1,差两点你呢,2025-04-22 15:45:07,1359356908
网易云音乐,"看哭了 呜呜呜～

",1,Dancya_,2025-04-22 14:55:55,1359356908
网易云音乐,这里,1,小满_lh,2025-04-22 14:10:39,1359356908
网易云音乐,hi,1,oi_小彤,2025-04-22 14:07:24,1359356908
网易云音乐,晚安,1,一吱yoyo,2025-04-22 14:04:12,1359356908
网易云音乐,晚安,1,xc_梦,2025-04-22 13:53:31,1359356908
网易云音乐,"不需要答案你的态度已经很明显了
.
我不介意他有过去但我介意他过不去.

如果当初不执着或许我们还是朋友.

我早就困了只是想和你聊天陪陪你.

莫非要让你尝尽了苦悲才懂得我最珍贵.

我试图冷落你但发现痛的只有我自己.",1,ID江宜,2025-04-22 13:51:38,1359356908
网易云音乐,"那些道理我都懂但是到了深夜就翻了船

转身的那一秒开始我的幸福便与你无关

我爱你但你心不诚我不傻别总是骗我

幸福的时候会词穷痛苦的时候千言万语

喜欢是一瞬间的事忘记却是一辈子的事

只是用了很久演了一场不是主角的戏",1,ID江宜,2025-04-22 13:50:53,1359356908
网易云音乐,"我说没有你怎么办你说我要学会一个人

人和人的缘分不是一场不出门就能避开的雨

我要成为这个世界的大王让自己不再流泪

胡思乱想是一种病缺乏安全感也是一种病

抽烟叹的气已经够多了我只要爱不要唉了

你又在怀念什么离开我不是你梦寐以求的吗",1,ID江宜,2025-04-22 13:50:23,1359356908
网易云音乐,"晚安,lsj，这次真的和你晚安了",1,yaenomy,2025-04-22 13:45:33,1359356908
网易云音乐,听了数百遍晚安  却等不到她那句晚安,1,出于心软,2025-04-22 13:38:08,1359356908
网易云音乐,痛是后知后觉的 差点转发的视频 安静的微信 消失的电话和晚安 ,1,庞江涛无福无木,2025-04-22 13:28:16,1359356908
网易云音乐,我发誓当你身边有新人出现我就再也不要出现在你的世界里,1,FF妃-,2025-04-22 12:56:26,1359356908
网易云音乐,很好奇 人在什么情况下 才会放弃自己特别喜欢的人.,1,悸郁j,2025-04-22 12:36:13,1359356908
网易云音乐,不要被外界的声音打扰，把世界调成静音，听他们破防的声音,1,悸郁j,2025-04-22 12:31:41,1359356908
网易云音乐,不要被外界的声音打扰，把世界调成静音，听他们破防的声音,1,悸郁j,2025-04-22 12:30:41,1359356908
网易云音乐,这里,1,Nov_11_30,2025-04-22 12:14:20,1359356908
网易云音乐,想你的话 你会出现吗,1,想我就早点睡觉,2025-04-22 11:59:59,1359356908
网易云音乐,她有和你说过 她不爱了吗,1,月亮月亮_Dex,2025-04-22 11:51:43,1359356908
网易云音乐,"我想把世界上最好的都给你 却发现世界上最好的就是你

你与世界 选择你 爱与正确 选择爱

恰到好处的喜欢最舒服 你不用多好 我喜欢就好 我没有很好 你不嫌弃就好

我向来三分钟热度 唯你在我心上反复

你在的时候 你是一切 你不在的时候 一切是你

这世间风情万种 你却是我的情有独钟

",1,冻雾柔情红米,2025-04-22 11:49:50,1359356908
网易云音乐,"只要有你在 我会更有底气

可以乱想 但别担心 我始终爱你

站那儿别动 我现在去接你

我目光短浅 眼里只有你

谁也不能让你受委屈 我也不行

凡事有交代 件件有着落 事事有回应

别人再好 都与你无关 你再不好 我都喜欢

睡醒了我会第一时间找你 忙完了会第一时间回复你

",1,冻雾柔情红米,2025-04-22 11:47:06,1359356908
网易云音乐,"我会一直陪着你 不是我想 是我会

小事你可以随便闹 大事你往我身后靠

你陪着我的时候 我从未羡慕过任何人

哪怕我在生气 也会耐着性子去哄你

我永远需要你 也希望永远被你需要

你是声色张扬下 我欲盖弥彰的理想

对你 没有偏袒的意思 是正儿八经的偏心

喜欢你 从一而终 认真且怂

",1,冻雾柔情红米,2025-04-22 11:44:37,1359356908
网易云音乐,“我是一个高中生，我的目标是考上自己心仪的大学，而不是纠结一个和我未来没有关系的人喜不喜欢我。”,1,闲枳的一颗星星,2025-04-22 11:28:40,1359356908
网易云音乐,如果不开心  那就晚安,1,-未归期-,2025-04-22 10:52:16,1359356908
网易云音乐,2025听晚安的天天开心撒,1,云村KKKUU,2025-04-22 10:05:42,1359356908
网易云音乐,劝删,1,漫天星辰曜你,2025-04-22 09:12:32,1359356908
网易云音乐,[流泪],1,小奶龙啊噢,2025-04-22 08:24:42,1359356908
网易云音乐,晚安,1,天真小喵宅,2025-04-22 06:57:59,1359356908
网易云音乐,祝我成公上岸！加油,1,用户6283474603,2025-04-22 06:38:33,1359356908
网易云音乐,好嘟,1,雨哼,2025-04-22 05:45:57,1359356908
网易云音乐,麦门神曲,1,无x极,2025-04-22 03:53:20,1359356908
网易云音乐,我们曾彻夜长谈  如今却没机会道晚安,1,7秒前奏,2025-04-22 03:33:19,1359356908
网易云音乐,晚安(¦3[▓▓] ,1,亲爱的嘉诚,2025-04-22 03:19:03,1359356908
网易云音乐,20号在芜湖亲眼看到颜人中唱给我听哈哈,1,想与你赏夕阳,2025-04-22 03:11:05,1359356908
网易云音乐,好烦,1,还我漂漂拳778,2025-04-22 03:05:35,1359356908
网易云音乐,晚安宝宝,1,网虹琪弟,2025-04-22 02:14:34,1359356908
网易云音乐,我赞同你的暧昧因为他确实比我好。,1,初见_WVbZ,2025-04-22 02:10:39,1359356908
网易云音乐,晚安sjf,1,轩_1222,2025-04-22 02:10:26,1359356908
网易云音乐,晚安。,1,小叹句,2025-04-22 01:46:50,1359356908
网易云音乐,感谢,1,晏初晨,2025-04-22 01:38:26,1359356908
网易云音乐,来啊,1,囍你于怀,2025-04-22 01:18:52,1359356908
网易云音乐,外面下雨了，特别想戴耳机来听这首歌，思绪拉回到2019年⛈️,1,Jenny____________,2025-04-22 01:15:46,1359356908
网易云音乐,一个人怎么可以同时分心和很多人聊天呢,1,冬青望春寒,2025-04-22 01:12:57,1359356908
网易云音乐,我现在其实很不开心😠 希望明天就能开心啦,1,孤独不终老l,2025-04-22 00:50:26,1359356908
网易云音乐,晚安,1,我为绿色代盐,2025-04-22 00:46:24,1359356908
网易云音乐,晚安,1,想你每一粥_HH,2025-04-22 00:45:17,1359356908
网易云音乐,我现在其实很不开心😠 希望明天就能开心啦,1,孤独不终老l,2025-04-22 00:43:56,1359356908
网易云音乐,可以去我歌单里留评论吗,1,寒秋时逢,2025-04-22 00:38:06,1359356908
网易云音乐, 晚安,1,小_爱神,2025-04-22 00:22:04,1359356908
网易云音乐,晚安是我们都没有说出口的情话 我补不上了,1,逆转时空的爱,2025-04-22 00:10:47,1359356908
网易云音乐,晚安,1,熊熊无语住了,2025-04-22 00:08:29,1359356908
网易云音乐,现在这个点我不开心，我没有收到晚安，但想对所有陌生人说：“晚安”,1,一一梦晴天,2025-04-22 00:07:37,1359356908
网易云音乐,高考加油,1,眷饵,2025-04-22 00:05:00,1359356908
网易云音乐,晚安💤,1,竹清清_,2025-04-21 23:59:43,1359356908
网易云音乐,加油,1,微冻芒果,2025-04-21 23:58:51,1359356908
网易云音乐,唉,1,微冻芒果,2025-04-21 23:57:47,1359356908
网易云音乐,还有46天高考了，好焦虑啊，感觉什么也学不会，陌生人你可以给我加油吗,1,小乖想你la,2025-04-21 23:56:20,1359356908
网易云音乐,祝每个不真诚的人永远烂在新鲜感循环的臭泥潭,1,你头好圆啊,2025-04-21 23:48:12,1359356908
网易云音乐,在一段感情里 每当我开始为爱发疯的时候 我就知道这个人已经不爱我了,1,愿你开心哟,2025-04-21 23:47:53,1359356908
网易云音乐,晚安啦 祝好梦陌生人,1,困兽_en,2025-04-21 23:47:13,1359356908
网易云音乐,晚安啦King婷！,1,BHWBH,2025-04-21 23:40:08,1359356908
网易云音乐,晚安,1,所谓小小小,2025-04-21 23:38:34,1359356908
网易云音乐,这,1,DfovikZ77,2025-04-21 23:38:07,1359356908
网易云音乐,豪庭,1,袅烟云雾里,2025-04-21 23:32:26,1359356908
网易云音乐,天天开心 上岸 晚安,1,难求片刻幸福-,2025-04-21 23:29:51,1359356908
网易云音乐,人和人之间建立关系要用很多日夜 而归零只是一瞬间,1,tangshiyyy,2025-04-21 23:29:46,1359356908
网易云音乐,来,1,思念成困意,2025-04-21 23:27:35,1359356908
网易云音乐,@小耶爱吃小花卷 小狗小狗，平时都没什么时间和你多讲讲话欸，嗯…我想了半天，想把今天看到的所有好风景和开心的事情都揉进我的一句晚安里。小狗晚安啦～[多多可怜][多多比耶],1,小卷爱吃小花卷,2025-04-21 23:26:58,1359356908
网易云音乐,加油  我也准备考警校,1,安什麼欣,2025-04-21 23:21:28,1359356908
网易云音乐,晚安,1,泪痛苦楚,2025-04-21 23:19:42,1359356908
网易云音乐,好好生活 早睡 晚安,1,乖涉,2025-04-21 23:16:36,1359356908
网易云音乐,我知道再怎么亲密  大家都有各自的生活 绝对不可能把谁变成自己的私人物品 但偶尔就是会有这种想法 然后觉得有点落寞,1,想和属于自己的小猫安眠,2025-04-21 23:15:52,1359356908
网易云音乐,晚安   欧丽娟老师讲“爱不是一种很强烈的感觉，而是一种意志”，我从来不以为然。直到遇见你，我告诉自己不要对你说“我爱你”，而是要把爱你变成一种意志，包括流着泪在这里写这些话。我会努力的！如果不能强烈、迅速地爱你，那就来个长久陪伴、最长情的告白。,1,z_zzz7,2025-04-21 23:14:53,1359356908
网易云音乐,@媛是我的一切 晚安,1,可我不善言表,2025-04-21 23:13:16,1359356908
网易云音乐,这里,1,不吃米龟的小何,2025-04-21 23:07:16,1359356908
网易云音乐,晚安宝宝🥱,1,-奕只小小哼-,2025-04-21 22:57:59,1359356908
网易云音乐,天天开心,1,唉声连连,2025-04-21 22:48:28,1359356908
网易云音乐,晚安 已经再也没有我的晚安了,1,幻瘾雨季,2025-04-21 22:47:21,1359356908
网易云音乐,好好生活 晚安,1,memories_GuLB,2025-04-21 22:46:03,1359356908
网易云音乐,😴,1,Yiiiz3,2025-04-21 22:43:15,1359356908
网易云音乐,今天比昨天更喜欢你,1,Alzq07,2025-04-21 22:36:50,1359356908
网易云音乐,今天的你还在为情所困吗,1,Alzq07,2025-04-21 22:36:30,1359356908
网易云音乐,期中考试加油，祝你也祝我,1,Alzq07,2025-04-21 22:36:12,1359356908
网易云音乐,我最不后悔的就是遇见你,1,Alzq07,2025-04-21 22:35:58,1359356908
网易云音乐,我爱你，永远……,1,Alzq07,2025-04-21 22:35:47,1359356908
网易云音乐,学会释怀是一辈子的必修课,1,Alzq07,2025-04-21 22:35:38,1359356908
网易云音乐,喜欢你好像是上辈子的事,1,Alzq07,2025-04-21 22:35:26,1359356908
网易云音乐,我爱的歌我反复听，我爱的人我反复爱,1,Alzq07,2025-04-21 22:35:01,1359356908
网易云音乐,在这儿,1,大不列颠张学友,2025-04-21 22:28:58,1359356908
网易云音乐,我好想她,1,冬檡月,2025-04-21 22:23:50,1359356908
网易云音乐,何必拿真心与寂寞去纠缠,1,好困呐311,2025-04-21 22:23:31,1359356908
网易云音乐,这里[可爱],1,Iwantyourlove-,2025-04-21 22:19:24,1359356908
网易云音乐,晚安.,1,忆江-y,2025-04-21 22:08:02,1359356908
网易云音乐,互赞笔记,1,痛忯,2025-04-21 22:06:18,1359356908
网易云音乐,你换掉了常用的头像 我截图的所有美好都对不上号了,1,nozzlem,2025-04-21 22:03:10,1359356908
网易云音乐,时隔多年，突然听到还是会心头一颤[多多大哭][多多大哭],1,TilInolongercan,2025-04-21 22:02:40,1359356908
网易云音乐,打卡,1,等雨亭ting,2025-04-21 22:00:32,1359356908
网易云音乐,"晚安
",1,小新翼翼的梦l,2025-04-21 21:54:15,1359356908
网易云音乐,上次听竟然是6年前，那时候我还没是自由自在的一个人，,1,我叫魏启萌,2025-04-21 21:42:00,1359356908
网易云音乐,爱听[色],1,零碎泪痣,2025-04-21 21:34:48,1359356908
网易云音乐,唉 小蒽(╥ω╥`),1,滢聆,2025-04-21 21:26:23,1359356908
网易云音乐,唉 小蒽(╥ω╥`),1,滢聆,2025-04-21 21:26:23,1359356908
网易云音乐,不喜欢之后,1,oni_miko,2025-04-21 21:23:22,1359356908
网易云音乐,快乐一点吧陌生人  晚安💤,1,别说违心话-Q,2025-04-21 21:18:53,1359356908
网易云音乐,今天我生日，能跟我说句晚安吗,1,他经常偷偷的哭,2025-04-21 21:16:57,1359356908
网易云音乐,他们都爱你漂亮的眼睛 可我想 你昨晚怎么又没好好睡觉,1,你痛不痛,2025-04-21 21:12:32,1359356908
网易云音乐,别翻了   晚安    不要熬夜 早点睡～,1,梚柚,2025-04-21 20:44:02,1359356908
网易云音乐,你好,1,不嘻嘻不星,2025-04-21 20:25:32,1359356908
网易云音乐,踹,1,小舟荡江边,2025-04-21 20:24:01,1359356908
网易云音乐,"😍

",1,云村村民168190343076142,2025-04-21 20:23:19,1359356908
网易云音乐,我天天失眠 我也希望能睡个好觉[多多大哭],1,奶酥好乖,2025-04-21 20:06:14,1359356908
网易云音乐,加油！祝你考得高分[憨笑],1,果子和琴梨,2025-04-21 20:02:35,1359356908
网易云音乐,人都会变的 你变的太快了[惊恐][惊恐] 累了 我放过你了。,1,巴小祺,2025-04-21 20:00:09,1359356908
网易云音乐,需要多少？,1,柔jl,2025-04-21 19:51:11,1359356908
网易云音乐,人生不过三万天 何必给自己留下遗憾,1,找个舒服地方睡一觉,2025-04-21 19:48:06,1359356908
网易云音乐,说好了不见，可是我还是忍不住想见你,1,王者荣耀情报员康娜酱,2025-04-21 19:45:05,1359356908
网易云音乐,[爱心],1,顏R中,2025-04-21 18:57:11,1359356908
网易云音乐,我会永远喜欢你,1,睡觉总爱听歌,2025-04-21 18:48:39,1359356908
网易云音乐,这里[大笑],1,谓语dc,2025-04-21 18:38:13,1359356908
网易云音乐,若执着于枯木，就很难再遇到下一个春。没关系，我偏偏钟情于枯萎的玫瑰,1,保护盾反弹反弹,2025-04-21 18:35:11,1359356908
网易云音乐,感同身受了,1,B临别小雨,2025-04-21 18:32:00,1359356908
网易云音乐,我本可以忍受黑暗 如果我不曾见过太阳,1,泠绾無溪,2025-04-21 18:28:53,1359356908
网易云音乐,希望每个妈妈都能为自己活一次[爱心],1,萌主爱初音,2025-04-21 18:25:09,1359356908
网易云音乐,"我一直说不会喜欢一个两次 可是我喜欢你两次了我不想在喜欢了

我们本来就不是一路人

我们都有各自的生活  都要慢慢去习惯没有爱过的人和喜欢的人不在身边

我们也回不去了 异地真的很难受

在我们第二次复合的喜欢我好像就已经知道会分

",1,欲情-T,2025-04-21 17:58:57,1359356908
网易云音乐,晚安 mylove,1,昊森hua,2025-04-21 17:52:24,1359356908
网易云音乐,我和他的故事很普通但也很美好……希望他以后能平安喜乐！[多多大笑],1,嘀哩哩dear,2025-04-21 17:42:38,1359356908
网易云音乐,不值得 但是我就是放不下,1,咖啡的味道黑骑士,2025-04-21 17:40:08,1359356908
网易云音乐,我喜欢你 是那种一想到你的名字 心里动辄海啸山鸣的喜欢,1,林木木cjx,2025-04-21 17:31:46,1359356908
网易云音乐,可能是唱的时候有点像吧[多多笑哭],1,岚羽clk,2025-04-21 17:20:24,1359356908
网易云音乐,我希望你说的晚安是真的想我啦,1,白旗逝水轻尘,2025-04-21 17:17:11,1359356908
网易云音乐,我也在努力睡觉[多多大哭],1,繁缕沉香,2025-04-21 17:06:13,1359356908
网易云音乐,陪伴是最长情的告白[爱心],1,高二徐佳兴,2025-04-21 17:04:49,1359356908
网易云音乐,我喜欢的他喜欢的她,1,用户1441068643,2025-04-21 16:46:48,1359356908
网易云音乐,我们之间没有以后啦～,1,一鹿伴晗xhq,2025-04-21 16:38:29,1359356908
网易云音乐,加油哦[多多可怜],1,宇宙空间站站长,2025-04-21 16:26:25,1359356908
网易云音乐,可是晚上睡不着怎么办[多多难过],1,飞火连城刘畅,2025-04-21 16:15:17,1359356908
网易云音乐,看到你这个评论的时候刚好听到这首歌[多多大哭]太巧了,1,死神ywk,2025-04-21 16:13:12,1359356908
网易云音乐,愿我爱的豪豪平安,1,任性说爱,2025-04-21 15:58:05,1359356908
网易云音乐,晚安是礼貌 但早安不一样,1,哟呵不过如痴,2025-04-21 15:52:21,1359356908
网易云音乐,他给我推过这首歌，不知道为什么突然想到他了,1,摔跤是弱子进步的阶梯,2025-04-21 15:51:12,1359356908
网易云音乐,负愿前行,1,军魂永在_6uv3,2025-04-21 15:49:09,1359356908
网易云音乐,我的意思是希望你好好睡觉[多多可怜],1,下一站乄幸福vfe,2025-04-21 15:44:49,1359356908
网易云音乐,我不懂事你也不懂事吗？那要小孩干嘛呢[大笑],1,还有明天存在,2025-04-21 15:31:51,1359356908
网易云音乐,最后发现，最可怕的是，你不知道他究竟在干什么,1,ZIUMCAT,2025-04-21 15:26:32,1359356908
网易云音乐,我沦陷于和你的拉扯，我反复思考，反复品味，也许屏幕对面的你只是随手的消遣，可是情感，我怎么能控制,1,加了糖糖的黑咖啡,2025-04-21 15:21:50,1359356908
网易云音乐,所以呢 现在你和他过得好吗,1,空白中的独舞upy,2025-04-21 15:01:53,1359356908
网易云音乐,"无所谓是装的我怎么舍得你跟别人好

最近过得好累你在我身边或许好了

你说你不懂爱所以我成了你不懂爱的牺牲品

这么快就忘了她挽着你手臂对你撒娇的模样么

后来才看清痛苦和伤疤不能共情

痛是真的痛可她们只觉得我装

我想要很多很多答案或者很短很短的命

关于你的一切我都没有忘从你我相识那天起",1,零碎许毅,2025-04-21 14:55:21,1359356908
网易云音乐,"最近不顺利她们又欺负我了

我不想内耗了我只想好好睡一觉

为什么最后痛的是真诚对待的人

睡不着的夜我在想你真的爱我吗

我在落差中麻木直到有一天我不再期待幸福出现

原谅我才16原来我才16可我才16可惜我才16

最近过得怎么样我想你了快点回来好不好

我们再重蹈覆辙好不好",1,零碎许毅,2025-04-21 14:51:12,1359356908
网易云音乐,"你和她的互动我不想看了

那年你说了一句爱我我付出了我所有真心

如果泪水比爱我多那我们走到这就行

你赢了现在我懒得认识新人

分开后你说你问心无愧你说薄情的人是我

你对我好的那些日子我真的记了好久

关于你和我我想了好多好多

你只是怀念他当初给你的感觉但你心里清楚他人不行",1,零碎许毅,2025-04-21 14:45:36,1359356908
网易云音乐,"被爱最好的方式是自己爱自己

一个个未成年故事比安徒生还多

活着累累的还痛痛的

我给你的别人没有

你的不开心我来听

他不是不会爱人只是不爱你

一死解千愁

我再也不会挽留我知道爱我的人不会走",1,零碎许毅,2025-04-21 14:40:17,1359356908
网易云音乐,"你就是感情里的骗子

聊天记录我看了又看不明白你为什么会变

没有一点优点的我他们都讨厌我

人总会变得这句话我一直记得

有了隔阂只能和好不能如初

你那么挑剔的人怎么还是选错了

故地重游就像刻舟求剑

我固执的想等待对方读懂我的隐喻但忘了事在人为想读的人早该懂了",1,零碎许毅,2025-04-21 14:36:49,1359356908
网易云音乐,"真诚相待的你不应该是这样的结局

真心而又专一的你为何如此不被珍惜

你说爱过我而已 沉默了许久

文案为何如此共鸣因为那是我走过的经历

曾经我们也有聊不完的话题

你以前对我那么好我从未想过你也会离开

为什么总骗我我有对不起你吗

就差一步差一步我们就见面了",1,零碎许毅,2025-04-21 14:30:18,1359356908
网易云音乐,谢谢你让我看到未来[多多可怜],1,请叫我病娇,2025-04-21 14:28:18,1359356908
网易云音乐,"我也天真以为陪伴能打动一个人

越渴望幸福就越容易失落

我败给了金钱没能力给你最好的

原来誓言和约定也会过期

后来才发现你并不绝情只是对我绝情

要是感到幸福的瞬间可以存档就好了

人最不该的就是期待的等待

假装听不见假装自己很幸福",1,零碎许毅,2025-04-21 14:24:41,1359356908
网易云音乐,还是一样的结果呢,1,Marzi-y,2025-04-21 14:23:17,1359356908
网易云音乐,所以啊为什么不去尝试改变呢,1,呆呆的萝卜酱,2025-04-21 14:22:12,1359356908
网易云音乐,"既然相遇为何不珍惜彼此呢

我好好珍惜了可聚散不由我

某种程度上来说音乐是我的救赎

后来没有哥的晚安了歌却成了我的安眠药

人到底为了什么而活着

为什么想谈恋爱因为我缺爱

我是什么见人吗世界连一点爱都不愿意给我

兄弟你真的爱她吗",1,零碎许毅,2025-04-21 14:19:47,1359356908
网易云音乐,我们分手吧 我没爱过你 我们只是玩玩而已,1,KCY_罘出水穃,2025-04-21 14:16:09,1359356908
网易云音乐,“我好像在哪见过你” “抱歉 我不记得了”,1,瞭望星空lnc,2025-04-21 14:15:58,1359356908
网易云音乐,恨你突如其来的落差感 但也念你最初的那句晚安,1,枳雾_w,2025-04-21 14:12:49,1359356908
网易云音乐,别回头了 他不爱你,1,海鸥茗洛,2025-04-21 14:12:30,1359356908
网易云音乐,我们都不可以熬夜 要好好睡觉,1,我是N极你是吸引我的S极,2025-04-21 14:12:23,1359356908
网易云音乐,我和你一样啊！但是我觉得我现在要做的不是去在意这些，而是要去追寻自己真正想要的,1,用户1441159175,2025-04-21 14:11:25,1359356908
网易云音乐,不要把自己想的太好[口罩],1,Angle-fighting,2025-04-21 14:08:32,1359356908
网易云音乐,晚安小鑫,1,Vemuch,2025-04-21 14:06:07,1359356908
网易云音乐,打卡,1,难语佳绪,2025-04-21 13:27:58,1359356908
网易云音乐,晚安小允,1,心有约安,2025-04-21 13:25:52,1359356908
网易云音乐,算了我不要爱了我要睡一次好觉,1,心有约安,2025-04-21 13:24:55,1359356908
网易云音乐,"五一宝宝 暑假宝宝 跑起来好吗

作息乱乱的 人笨笨的 意志淡淡的

发疯不用挑日子 一触即发

想当甜妹 可惜声音像小学生

如果生活很难，我希望是 库里南",1,煎饼果子_HYBl,2025-04-21 13:04:21,1359356908
网易云音乐,"我不是emo了 我是饿懵了

幸福就像段子 一发就被偷走了

吃饭了吗 看看我是不是你的菜

医生说我低血糖 得多听甜言蜜语

我眼睛本来长这样OvO 后来看见姐姐后就变成了♡v♡",1,煎饼果子_HYBl,2025-04-21 13:03:39,1359356908
