platform,content,score,user,time,song_id,clean_content,words,word_count,sentiment_label,sentiment_prob,sentiment_text
网易云音乐,我一直在找一个跟你很像的人 最后我才发现我和你最像,1,劣_质谎,2025-04-24 23:32:37,1359356908,我一直在找一个跟你很像的人 最后我才发现我和你最像,"['一直', '最后', '发现']",3,2,0.5199675559997559,正面
网易云音乐,晚安不会再有我的消息了,1,抒写草稿纸,2025-04-24 23:32:27,1359356908,晚安不会再有我的消息了,"['晚安', '不会', '再有', '消息']",4,2,0.39687252044677734,正面
网易云音乐,发现你还是有让我鼻酸的能力 但我们已经没有好好过的机会了,1,以慧慧为名的春,2025-04-24 23:31:08,1359356908,发现你还是有让我鼻酸的能力 但我们已经没有好好过的机会了,"['发现', '鼻酸', '能力', '我们', '已经', '好好', '机会']",7,2,0.5192014575004578,正面
网易云音乐,后来我不再羡慕那些谈了很久的恋爱 因为我知道长久的感情需要无数个原谅来维持,1,以慧慧为名的春,2025-04-24 23:30:53,1359356908,后来我不再羡慕那些谈了很久的恋爱 因为我知道长久的感情需要无数个原谅来维持,"['后来', '不再', '羡慕', '那些', '恋爱', '因为', '知道', '长久', '感情', '需要', '无数个', '原谅', '维持']",13,2,0.5347148776054382,正面
网易云音乐,晚安(˘ω˘)✩,1,以慧慧为名的春,2025-04-24 23:30:36,1359356908,晚安ω,['晚安'],1,2,0.3871974050998688,正面
网易云音乐,不喜欢的时候,1,梳个丸子头a,2025-04-24 23:22:50,1359356908,不喜欢的时候,"['喜欢', '时候']",2,2,0.44420164823532104,正面
网易云音乐,来啦,1,梳个丸子头a,2025-04-24 23:18:09,1359356908,来啦,[],0,1,0.38942402601242065,中性
网易云音乐,生着病发烧。身上一点钱都没有了。才开始工作，工资也还没有支出来 快两天都没吃什么了   一个人躺在出租屋里好无力  感觉自己快坚持不下去了  我能讨碗饭吃吗…,1,还没吃柠檬a,2025-04-24 23:11:00,1359356908,生着病发烧。身上一点钱都没有了。才开始工作，工资也还没有支出来 快两天都没吃什么了 一个人躺在出租屋里好无力 感觉自己快坚持不下去了 我能讨碗饭吃吗,"['生着', '发烧', '身上', '一点', '开始', '工作', '工资', '支出', '两天', '出租', '屋里', '无力', '感觉', '坚持', '下去', '我能', '碗饭']",17,2,0.5691059231758118,正面
网易云音乐,借你吉言,1,爱佳欣不伤心,2025-04-24 23:06:56,1359356908,借你吉言,['吉言'],1,2,0.4414868950843811,正面
网易云音乐,加油,1,叫主人就对了hh,2025-04-24 23:02:11,1359356908,加油,['加油'],1,1,0.3995487689971924,中性
网易云音乐,争气一点,1,小菡降临我身边,2025-04-24 22:55:25,1359356908,争气一点,"['争气', '一点']",2,1,0.41293737292289734,中性
网易云音乐,生着病发烧。身上一点钱都没有了。才开始工作，工资也还没有支出来 快两天都没吃什么了   一个人躺在出租屋里好无力  感觉自己快坚持不下去了  我能讨碗饭吃吗…,1,山茶红_9,2025-04-24 22:53:51,1359356908,生着病发烧。身上一点钱都没有了。才开始工作，工资也还没有支出来 快两天都没吃什么了 一个人躺在出租屋里好无力 感觉自己快坚持不下去了 我能讨碗饭吃吗,"['生着', '发烧', '身上', '一点', '开始', '工作', '工资', '支出', '两天', '出租', '屋里', '无力', '感觉', '坚持', '下去', '我能', '碗饭']",17,2,0.5691059231758118,正面
网易云音乐,@媛是我的一切 晚安,1,可我不善言表,2025-04-24 22:49:58,1359356908,媛是我的一切 晚安,"['一切', '晚安']",2,2,0.44834819436073303,正面
网易云音乐,晚安,1,hwy平安,2025-04-24 22:49:58,1359356908,晚安,['晚安'],1,2,0.41507139801979065,正面
网易云音乐,接接接！,1,_y-h-_-,2025-04-24 22:47:47,1359356908,接接接！,['接接'],1,2,0.35623899102211,正面
网易云音乐,实际上是做朋友也同样内耗，除非后来不喜欢了,1,psz_987,2025-04-24 22:44:21,1359356908,实际上是做朋友也同样内耗，除非后来不喜欢了,"['实际上', '朋友', '同样', '内耗', '除非', '后来', '喜欢']",7,2,0.46804866194725037,正面
网易云音乐,"这个世界除了我自己我没有依靠了

我总拿离开试探爱以为你不会放开我的手

那些你刺痛我的事我连你一起丢掉

委屈就像刺扎在心里拔不出来又疼得厉害

想哭的时候最想念的还是你

",1,FailureLMR,2025-04-24 22:44:04,1359356908,这个世界除了我自己我没有依靠了 我总拿离开试探爱以为你不会放开我的手 那些你刺痛我的事我连你一起丢掉 委屈就像刺扎在心里拔不出来又疼得厉害 想哭的时候最想念的还是你,"['这个', '世界', '除了', '依靠', '离开', '试探', '以为', '不会', '放开', '那些', '刺痛', '一起', '丢掉', '委屈', '刺扎', '心里', '出来', '厉害', '时候', '想念']",20,2,0.5127893090248108,正面
网易云音乐,生着病发烧。身上一点钱都没有了。才开始工作，工资也还没有支出来 快两天都没吃什么了   一个人躺在出租屋里好无力  感觉自己快坚持不下去了  我能讨碗饭吃吗…,1,还没吃柠檬a,2025-04-24 22:43:25,1359356908,生着病发烧。身上一点钱都没有了。才开始工作，工资也还没有支出来 快两天都没吃什么了 一个人躺在出租屋里好无力 感觉自己快坚持不下去了 我能讨碗饭吃吗,"['生着', '发烧', '身上', '一点', '开始', '工作', '工资', '支出', '两天', '出租', '屋里', '无力', '感觉', '坚持', '下去', '我能', '碗饭']",17,2,0.5691059231758118,正面
网易云音乐,替你们试过了，能做朋友就别做恋人，尽管认识很久了，千万别，如果我们没有分手的话，现在是我们的第190天，如果当时我没有同意表白的话，我们还是朋友,1,情不知所琪,2025-04-24 22:41:46,1359356908,替你们试过了，能做朋友就别做恋人，尽管认识很久了，千万别，如果我们没有分手的话，现在是我们的第天，如果当时我没有同意表白的话，我们还是朋友,"['你们', '试过', '朋友', '就别', '恋人', '尽管', '认识', '很久', '千万别', '我们', '分手', '的话', '现在', '我们', '第天', '当时', '同意', '表白', '的话', '我们', '朋友']",21,2,0.47658050060272217,正面
网易云音乐,我想把这个空房间画满鲜花，可是我没有颜料和笔，我也不会画花。,1,司图南aid,2025-04-24 22:41:12,1359356908,我想把这个空房间画满鲜花，可是我没有颜料和笔，我也不会画花。,"['这个', '空房间', '满鲜花', '颜料', '不会', '画花']",6,2,0.4941524863243103,正面
网易云音乐,晚安,1,Music-Otter,2025-04-24 22:40:58,1359356908,晚安,['晚安'],1,2,0.41507139801979065,正面
网易云音乐,4.24和对象闹矛盾，哭的很伤心，她给我发了一起听，听完和我说了晚安，是我不够成熟稳重不够优秀，才让她这么难受 ，我恨自己不争气，看到的无论什么时间都提醒我看一遍让我争气一点，让她过上好日子,1,爱佳欣不伤心,2025-04-24 22:39:40,1359356908,和对象闹矛盾，哭的很伤心，她给我发了一起听，听完和我说了晚安，是我不够成熟稳重不够优秀，才让她这么难受 ，我恨自己不争气，看到的无论什么时间都提醒我看一遍让我争气一点，让她过上好日子,"['对象', '闹矛盾', '伤心', '给我发', '一起', '晚安', '不够', '成熟', '稳重', '不够', '优秀', '这么', '难受', '不争气', '看到', '无论', '时间', '提醒', '看一遍', '争气', '一点', '好日子']",22,2,0.5846855640411377,正面
网易云音乐,胡海威 晚安,1,爱暄小天才,2025-04-24 22:37:01,1359356908,胡海威 晚安,"['胡海威', '晚安']",2,1,0.40393248200416565,中性
网易云音乐,你要放下对完美伴侣的期待  学会去爱一个普通又具体的人  互相迁就才更长远   双向奔赴才有意义   这个世界上没有本来就般配的两个人  而是一个懂得包容和迁就   另一个懂得，适可而止  表白是表明心意  而不是索取关系  公开专一不暧昧  这是爱的一个基本项不是加分项,1,再吃一口鲷鱼烧z,2025-04-24 22:33:29,1359356908,你要放下对完美伴侣的期待 学会去爱一个普通又具体的人 互相迁就才更长远 双向奔赴才有意义 这个世界上没有本来就般配的两个人 而是一个懂得包容和迁就 另一个懂得，适可而止 表白是表明心意 而不是索取关系 公开专一不暧昧 这是爱的一个基本项不是加分项,"['放下', '完美', '伴侣', '期待', '学会', '普通', '具体', '互相', '迁就', '长远', '双向', '奔赴', '意义', '这个', '世界', '本来', '般配', '两个', '而是', '懂得', '包容', '迁就', '懂得', '适可而止', '表白', '表明', '心意', '不是', '索取', '关系', '公开', '专一', '暧昧', '基本', '不是', '分项']",36,2,0.5770502090454102,正面
网易云音乐,来了,1,雨巷_nR7i,2025-04-24 22:30:19,1359356908,来了,[],0,2,0.40057268738746643,正面
网易云音乐,晚安,1,她有胃病也爱哭_,2025-04-24 22:29:45,1359356908,晚安,['晚安'],1,2,0.41507139801979065,正面
网易云音乐,z我想听你说一句晚安,1,长腿妹妹阿,2025-04-24 22:18:52,1359356908,z我想听你说一句晚安,"['一句', '晚安']",2,1,0.41763564944267273,中性
网易云音乐,喜欢听这首歌的人一定很喜欢听这首歌吧,1,Gr1y_dust,2025-04-24 22:13:00,1359356908,喜欢听这首歌的人一定很喜欢听这首歌吧,"['喜欢', '首歌', '一定', '喜欢', '首歌']",5,2,0.51434326171875,正面
网易云音乐,努力抓紧每一段珍贵的关系 直到再也抓不住,1,小羊_QvQ,2025-04-24 22:11:21,1359356908,努力抓紧每一段珍贵的关系 直到再也抓不住,"['努力', '抓紧', '一段', '珍贵', '关系', '直到', '再也', '抓不住']",8,2,0.41373053193092346,正面
网易云音乐,我愿意做那个引导性恋人(>^ω^<),1,iouTuT,2025-04-24 22:09:28,1359356908,我愿意做那个引导性恋人ω,"['愿意', '那个', '引导性', '恋人']",4,2,0.44773954153060913,正面
网易云音乐,我还是会晚睡，唯独少了你的晚安,1,xin今天快乐了吗,2025-04-24 22:04:20,1359356908,我还是会晚睡，唯独少了你的晚安,"['晚睡', '唯独', '晚安']",3,1,0.4079749584197998,中性
网易云音乐,我好想你 晚安,1,留恋心绪,2025-04-24 22:03:45,1359356908,我好想你 晚安,"['好想你', '晚安']",2,1,0.39875146746635437,中性
网易云音乐,刚上班不久还没有发工资，突然感冒发烧了  现在身上一些钱都没有剩了  饿一天头更晕了觉得… 能不能有朋友支 瑗一下   我度过去这些天…,1,晚风揉碎月光l,2025-04-24 22:00:05,1359356908,刚上班不久还没有发工资，突然感冒发烧了 现在身上一些钱都没有剩了 饿一天头更晕了觉得 能不能有朋友支 瑗一下 我度过去这些天,"['上班', '不久', '发工资', '突然', '感冒', '发烧', '现在', '身上', '一些', '一天', '觉得', '不能', '朋友', '一下', '度过', '这些']",16,2,0.5166977643966675,正面
网易云音乐,生着病发烧。身上一点钱都没有了。才开始工作，工资也还没有支出来 快两天都没吃什么了   一个人躺在出租屋里好无力  感觉自己快坚持不下去了  我能讨碗饭吃吗…,1,鲸鱼灰_c,2025-04-24 21:55:30,1359356908,生着病发烧。身上一点钱都没有了。才开始工作，工资也还没有支出来 快两天都没吃什么了 一个人躺在出租屋里好无力 感觉自己快坚持不下去了 我能讨碗饭吃吗,"['生着', '发烧', '身上', '一点', '开始', '工作', '工资', '支出', '两天', '出租', '屋里', '无力', '感觉', '坚持', '下去', '我能', '碗饭']",17,2,0.5691059231758118,正面
网易云音乐,晚安,1,Kz7丶,2025-04-24 21:54:17,1359356908,晚安,['晚安'],1,2,0.41507139801979065,正面
网易云音乐,但是更希望你平安~,1,Nik-China,2025-04-24 21:53:49,1359356908,但是更希望你平安,"['希望', '平安']",2,2,0.47178134322166443,正面
网易云音乐,醒来万物皆是沉寂，唯有你是世间的一抹旖旎，他人困于山中晨雾，我困于你。,1,谁又懂得遗憾,2025-04-24 21:37:37,1359356908,醒来万物皆是沉寂，唯有你是世间的一抹旖旎，他人困于山中晨雾，我困于你。,"['醒来', '万物', '沉寂', '唯有', '世间', '一抹', '旖旎', '他人', '困于', '山中', '晨雾', '困于']",12,1,0.4028117060661316,中性
网易云音乐,晚安 我爱你,1,capper的歌好好听,2025-04-24 21:36:28,1359356908,晚安 我爱你,"['晚安', '我爱你']",2,1,0.4281195104122162,中性
网易云音乐,嘴上说着要翻篇   其实心里还是偷偷折了个角,1,小欣思绪如风,2025-04-24 21:36:22,1359356908,嘴上说着要翻篇 其实心里还是偷偷折了个角,"['嘴上', '翻篇', '心里', '偷偷']",4,2,0.4239949882030487,正面
网易云音乐,"""后来 和你有点像的人 我都会多看上几眼”",1,小欣思绪如风,2025-04-24 21:36:02,1359356908,后来 和你有点像的人 我都会多看上几眼,"['后来', '有点像', '几眼']",3,2,0.5722350478172302,正面
网易云音乐,睡个好觉比爱重要,1,聆漫冬,2025-04-24 21:28:29,1359356908,睡个好觉比爱重要,"['睡个', '好觉', '比爱', '重要']",4,1,0.43469902873039246,中性
网易云音乐,晚安,1,咖啡加点苦07,2025-04-24 21:27:14,1359356908,晚安,['晚安'],1,2,0.41507139801979065,正面
网易云音乐,找个人98年4月27日的四川女孩子,1,摇滚Art,2025-04-24 21:25:36,1359356908,找个人年月日的四川女孩子,"['个人', '年月日', '四川', '女孩子']",4,2,0.4552047550678253,正面
网易云音乐,😭,1,用户5084440546,2025-04-24 21:21:32,1359356908,,[],0,0,0.0,负面
网易云音乐,"我要乖乖睡觉觉啦。
",1,忏悔有用吗,2025-04-24 21:18:50,1359356908,我要乖乖睡觉觉啦。,"['我要', '乖乖', '睡觉觉']",3,1,0.4275159239768982,中性
网易云音乐,生着病发烧。身上一点钱都没有了。才开始工作，工资也还没有支出来 快两天都没吃什么了   一个人躺在出租屋里好无力  感觉自己快坚持不下去了  我能讨碗饭吃吗…,1,西红柿_0lvQ,2025-04-24 21:12:17,1359356908,生着病发烧。身上一点钱都没有了。才开始工作，工资也还没有支出来 快两天都没吃什么了 一个人躺在出租屋里好无力 感觉自己快坚持不下去了 我能讨碗饭吃吗,"['生着', '发烧', '身上', '一点', '开始', '工作', '工资', '支出', '两天', '出租', '屋里', '无力', '感觉', '坚持', '下去', '我能', '碗饭']",17,2,0.5691059231758118,正面
网易云音乐,与家里人吵架出来了 身上一点钱都没有了。才开始工作，工资也还没有支出来 快两天都没吃什么了   一个人躺在出租屋里好无力  感觉自己快坚持不下去了  我能讨碗饭吃吗…,1,抹茶布丁Ii,2025-04-24 21:04:09,1359356908,与家里人吵架出来了 身上一点钱都没有了。才开始工作，工资也还没有支出来 快两天都没吃什么了 一个人躺在出租屋里好无力 感觉自己快坚持不下去了 我能讨碗饭吃吗,"['家里人', '吵架', '出来', '身上', '一点', '开始', '工作', '工资', '支出', '两天', '出租', '屋里', '无力', '感觉', '坚持', '下去', '我能', '碗饭']",18,2,0.5850853323936462,正面
网易云音乐,太贪心要进黑名单的阿[大哭],1,真的是服了呢,2025-04-24 20:55:04,1359356908,太贪心要进黑名单的阿大哭,"['贪心', '要进', '黑名单', '大哭']",4,2,0.41804924607276917,正面
网易云音乐,晚是全世界的晚 安是只给你的安,1,若我及时止损-,2025-04-24 20:44:48,1359356908,晚是全世界的晚 安是只给你的安,"['晚是', '全世界', '安是']",3,1,0.4243413507938385,中性
网易云音乐,从泷泷那里转过来的这首也很好听哦[VIP],1,我不颠-,2025-04-24 20:41:11,1359356908,从泷泷那里转过来的这首也很好听哦VIP,"['那里', '转过', '这首', '好听', 'VIP']",5,2,0.5283491611480713,正面
网易云音乐,嗨👋,1,瀑布悠然自得黑熊,2025-04-24 20:39:50,1359356908,嗨,[],0,2,0.3642547130584717,正面
网易云音乐,赶紧听吧，以后要vip就老实了,1,听喵笨,2025-04-24 20:27:38,1359356908,赶紧听吧，以后要vip就老实了,"['赶紧', '以后', 'vip', '老实']",4,1,0.40796804428100586,中性
网易云音乐,晚安,1,恰亿小口,2025-04-24 20:11:14,1359356908,晚安,['晚安'],1,2,0.41507139801979065,正面
网易云音乐,你不在的日子里我真的好想你,1,我爱小泽lyz,2025-04-24 20:07:57,1359356908,你不在的日子里我真的好想你,"['日子', '真的', '好想你']",3,2,0.41622257232666016,正面
网易云音乐,真的不可以吗,1,拜托微辣,2025-04-24 20:06:49,1359356908,真的不可以吗,['真的'],1,1,0.3876356780529022,中性
网易云音乐,那一张张截图是我们回不去的永远.,1,痛诉軒泪,2025-04-24 20:06:17,1359356908,那一张张截图是我们回不去的永远,"['一张', '截图', '我们', '回不去', '永远']",5,2,0.35527661442756653,正面
网易云音乐,那场不久的恋爱你谈了多久.,1,小妤语,2025-04-24 19:48:14,1359356908,那场不久的恋爱你谈了多久,"['那场', '不久', '恋爱', '多久']",4,2,0.4610995054244995,正面
网易云音乐,那就一起睡吧！（手动狗头）,1,ins图研所,2025-04-24 19:42:46,1359356908,那就一起睡吧！（手动狗头）,"['一起', '手动', '狗头']",3,2,0.45887520909309387,正面
网易云音乐,我也是！每次听歌的时候都会想到这首歌,1,期末不进前十不改网名略略,2025-04-24 19:40:47,1359356908,我也是！每次听歌的时候都会想到这首歌,"['每次', '听歌', '时候', '想到', '首歌']",5,2,0.5127211809158325,正面
网易云音乐,妥协是我最后的无奈,1,再难掩饰悲痛,2025-04-24 19:40:46,1359356908,妥协是我最后的无奈,"['妥协', '最后', '无奈']",3,1,0.35681331157684326,中性
网易云音乐,晚安💤大家,1,yii_14,2025-04-24 19:40:30,1359356908,晚安大家,"['晚安', '大家']",2,1,0.43107113242149353,中性
网易云音乐,我也这样，但慢慢释怀吧，你值得更好的,1,孤生剑锋,2025-04-24 19:33:36,1359356908,我也这样，但慢慢释怀吧，你值得更好的,"['慢慢', '释怀', '值得', '更好']",4,1,0.40400034189224243,中性
网易云音乐,在这,1,讫尔,2025-04-24 19:31:47,1359356908,在这,[],0,2,0.4103144705295563,正面
网易云音乐,有些人该忘记了 我一直在等待那个对的人出现,1,jay北辰,2025-04-24 19:29:55,1359356908,有些人该忘记了 我一直在等待那个对的人出现,"['有些', '人该', '忘记', '一直', '等待', '那个', '出现']",7,1,0.38335078954696655,中性
网易云音乐,因为得不到，所以有所期待,1,狂三最爱kuv,2025-04-24 19:26:27,1359356908,因为得不到，所以有所期待,"['因为', '得不到', '所以', '有所', '期待']",5,1,0.4074631929397583,中性
网易云音乐,我来了2025嘟[爱心][鬼脸],1,一起听歌的蔓,2025-04-24 19:18:59,1359356908,我来了嘟爱心鬼脸,"['我来', '爱心', '鬼脸']",3,1,0.412711501121521,中性
网易云音乐,不是双向奔赴的爱意毫无意义,1,帅气哥xny,2025-04-24 19:13:23,1359356908,不是双向奔赴的爱意毫无意义,"['不是', '双向', '奔赴', '爱意', '毫无意义']",5,2,0.43065714836120605,正面
网易云音乐,可以可以的,1,浮尘豆绿作家,2025-04-24 19:11:31,1359356908,可以可以的,[],0,2,0.45380812883377075,正面
网易云音乐,不要做那种被丢下过一次就不敢再爱的人了[多多难过],1,你滴土豆,2025-04-24 19:09:51,1359356908,不要做那种被丢下过一次就不敢再爱的人了多多难过,"['不要', '那种', '丢下', '一次', '不敢', '多多', '难过']",7,2,0.3945053219795227,正面
网易云音乐,你漂亮的眼睛，要流幸福的眼泪,1,季妘,2025-04-24 19:01:55,1359356908,你漂亮的眼睛，要流幸福的眼泪,"['漂亮', '眼睛', '要流', '幸福', '眼泪']",5,2,0.4697653353214264,正面
网易云音乐,总让你不开心 但也总在夜深人静时 下定决心要和你走最远的路,1,妳也听郑润泽吗_,2025-04-24 19:01:40,1359356908,总让你不开心 但也总在夜深人静时 下定决心要和你走最远的路,"['总让', '开心', '夜深人静', '下定决心', '最远']",5,2,0.48972630500793457,正面
网易云音乐,最近过的好不好 不好的话我们和好,1,X-竹柳,2025-04-24 19:00:37,1359356908,最近过的好不好 不好的话我们和好,"['最近', '好不好', '不好', '的话', '我们']",5,2,0.5138856172561646,正面
网易云音乐,这里[亲亲],1,L-xxx08,2025-04-24 18:57:05,1359356908,这里亲亲,"['这里', '亲亲']",2,2,0.3785017132759094,正面
网易云音乐,我们唯一需要担心的就是担心本身,1,夜色萌珑,2025-04-24 18:47:42,1359356908,我们唯一需要担心的就是担心本身,"['我们', '唯一', '需要', '担心', '担心', '本身']",6,1,0.44853848218917847,中性
网易云音乐,会想起你 但不会想和你有任何关系了,1,安兹莉亚,2025-04-24 18:43:27,1359356908,会想起你 但不会想和你有任何关系了,"['想起', '不会', '任何', '关系']",4,2,0.5222004652023315,正面
网易云音乐,好像所有的新鲜感都不过半年,1,飞火连城刘畅,2025-04-24 18:41:08,1359356908,好像所有的新鲜感都不过半年,"['好像', '所有', '新鲜感', '不过', '半年']",5,2,0.4668651521205902,正面
网易云音乐,我很喜欢枫叶，但枫叶红时，总多离别。,1,这里在下大雪,2025-04-24 18:39:05,1359356908,我很喜欢枫叶，但枫叶红时，总多离别。,"['喜欢', '枫叶', '枫叶', '红时', '总多', '离别']",6,1,0.36941802501678467,中性
网易云音乐,"以前特讨厌烟味 可烟是我发泄情绪的唯一
",1,X-竹柳,2025-04-24 18:37:42,1359356908,以前特讨厌烟味 可烟是我发泄情绪的唯一,"['以前', '讨厌', '烟味', '可烟', '发泄', '情绪', '唯一']",7,2,0.5549216270446777,正面
网易云音乐,现在只记得你曾经的好,1,乾天道祖,2025-04-24 18:32:08,1359356908,现在只记得你曾经的好,"['现在', '记得', '曾经']",3,2,0.44044628739356995,正面
网易云音乐,释怀吧 我的男孩 你会遇到更好的,1,汪晓迪wxd,2025-04-24 18:28:58,1359356908,释怀吧 我的男孩 你会遇到更好的,"['释怀', '男孩', '遇到', '更好']",4,2,0.43021032214164734,正面
网易云音乐,可惜奶茶不会一直好喝 朋友也不会一直在一起,1,木易jtx,2025-04-24 18:24:03,1359356908,可惜奶茶不会一直好喝 朋友也不会一直在一起,"['可惜', '奶茶', '不会', '一直', '好喝', '朋友', '不会', '一直', '一起']",9,2,0.5201451182365417,正面
网易云音乐,动态自取,1,Umsoeng,2025-04-24 18:19:52,1359356908,动态自取,"['动态', '自取']",2,2,0.37790703773498535,正面
网易云音乐,生日快乐,1,Mo蜡笔小7_,2025-04-24 18:18:12,1359356908,生日快乐,['生日快乐'],1,2,0.4327114522457123,正面
网易云音乐,想你的夜,1,Mo蜡笔小7_,2025-04-24 18:17:58,1359356908,想你的夜,[],0,2,0.43728893995285034,正面
网易云音乐,我需要你,1,Mo蜡笔小7_,2025-04-24 18:17:34,1359356908,我需要你,['需要'],1,2,0.4606409966945648,正面
网易云音乐,好听,1,小顺醒醒,2025-04-24 18:14:12,1359356908,好听,['好听'],1,1,0.40810853242874146,中性
网易云音乐,踹踹~,1,苓宝owo,2025-04-24 18:10:11,1359356908,踹踹,[],0,2,0.439981073141098,正面
网易云音乐,最近有点累，想睡很久的觉,1,w斩破情绪束缚,2025-04-24 18:00:29,1359356908,最近有点累，想睡很久的觉,"['最近', '有点累']",2,2,0.45915642380714417,正面
网易云音乐,hzl我想你了,1,文青_MFKX,2025-04-24 17:55:09,1359356908,hzl我想你了,['hzl'],1,1,0.40473809838294983,中性
网易云音乐,我也在努力让自己不回头了[多多难过],1,兰枫希彦,2025-04-24 17:47:36,1359356908,我也在努力让自己不回头了多多难过,"['努力', '回头', '多多', '难过']",4,2,0.3851196765899658,正面
网易云音乐,乀′乀🚪ttft,1,尼古丁的救赎_Rodd,2025-04-24 17:47:25,1359356908,乀乀ttft,['ttft'],1,2,0.4546174108982086,正面
网易云音乐,乀′乀🚪ttft,1,尼古丁的救赎_Rodd,2025-04-24 17:47:20,1359356908,乀乀ttft,['ttft'],1,2,0.4546174108982086,正面
网易云音乐,抱抱你啊，希望你可以好好生活下去,1,希昂布楚莱-冥子,2025-04-24 17:41:16,1359356908,抱抱你啊，希望你可以好好生活下去,"['抱抱', '希望', '好好', '生活', '下去']",5,2,0.4645616412162781,正面
网易云音乐,你为我种下一棵许愿树 我们一起守护,1,叽咕_biubiubiu,2025-04-24 17:37:31,1359356908,你为我种下一棵许愿树 我们一起守护,"['我种', '一棵', '许愿树', '我们', '一起', '守护']",6,2,0.4057063162326813,正面
网易云音乐,接了,1,银耳_VNHn,2025-04-24 17:22:44,1359356908,接了,[],0,2,0.4022000730037689,正面
网易云音乐,"这次是真的再见了
虽然有些舍不得
[可爱]",1,-陪我听Jay_-,2025-04-24 17:10:37,1359356908,这次是真的再见了 虽然有些舍不得 可爱,"['这次', '真的', '再见', '虽然', '有些', '舍不得', '可爱']",7,2,0.4196036159992218,正面
网易云音乐,不要想太多啦，可能他根本就不爱你,1,叫姐姐斤斤计较斤斤计较斤,2025-04-24 17:10:13,1359356908,不要想太多啦，可能他根本就不爱你,"['不要', '想太多', '可能', '根本']",4,2,0.3911290764808655,正面
网易云音乐,我以前班主任说我是好好人格，哈哈,1,筱月魈,2025-04-24 17:09:47,1359356908,我以前班主任说我是好好人格，哈哈,"['以前', '班主任', '好好', '人格', '哈哈']",5,2,0.5185181498527527,正面
网易云音乐,"你又牵了谁的手和谁说了会永久.

你若珍惜我这条路多累我都陪你走.

我想成为一个很好的人但是好累.",1,失忆-小洁,2025-04-24 17:01:29,1359356908,你又牵了谁的手和谁说了会永久 你若珍惜我这条路多累我都陪你走 我想成为一个很好的人但是好累,"['永久', '珍惜', '条路', '多累', '陪你走', '成为']",6,2,0.4557001292705536,正面
网易云音乐,那就祝我们以后都能成为自己想成为的人吧！[多多大笑],1,张昭_月影星魂,2025-04-24 16:46:24,1359356908,那就祝我们以后都能成为自己想成为的人吧！多多大笑,"['我们', '以后', '成为', '成为', '多多', '大笑']",6,1,0.4131876230239868,中性
网易云音乐,若你真心想我 我也定不负你,1,丶转身泪倾城vid,2025-04-24 16:42:07,1359356908,若你真心想我 我也定不负你,"['心想', '不负']",2,1,0.41527897119522095,中性
网易云音乐,这里,1,Dandelion-T2,2025-04-24 16:33:13,1359356908,这里,['这里'],1,2,0.41187432408332825,正面
网易云音乐,晚安,1,-Nnnhh-,2025-04-24 16:27:04,1359356908,晚安,['晚安'],1,2,0.41507139801979065,正面
网易云音乐,泪失禁体质是遗传的[流泪],1,平凡人ops,2025-04-24 16:12:00,1359356908,泪失禁体质是遗传的流泪,"['失禁', '体质', '遗传', '流泪']",4,2,0.5437338352203369,正面
网易云音乐,可是真的有人可以忍住自己的情感吗？,1,凯旋凯旋凯旋呐i,2025-04-24 16:10:46,1359356908,可是真的有人可以忍住自己的情感吗？,"['真的', '有人', '忍住', '情感']",4,2,0.3602435290813446,正面
网易云音乐,这边,1,VittOri0,2025-04-24 16:03:00,1359356908,这边,['这边'],1,2,0.4116973578929901,正面
网易云音乐,放下吧！好好生活[多多可怜],1,谁是朕的菜,2025-04-24 16:01:44,1359356908,放下吧！好好生活多多可怜,"['放下', '好好', '生活', '多多', '可怜']",5,2,0.38097426295280457,正面
网易云音乐,曾经多少个牵肠拉扯不舍夜晚 到现在热情褪成陌路的感叹,1,Jay-kitty,2025-04-24 15:52:30,1359356908,曾经多少个牵肠拉扯不舍夜晚 到现在热情褪成陌路的感叹,"['曾经', '牵肠', '拉扯', '不舍', '夜晚', '现在', '热情', '褪成', '陌路', '感叹']",10,2,0.4185464680194855,正面
网易云音乐,可是她连我的名字都不知道呀[心碎],1,爱可冷冷,2025-04-24 15:46:41,1359356908,可是她连我的名字都不知道呀心碎,"['名字', '知道', '心碎']",3,2,0.4839647710323334,正面
网易云音乐,同感！我第一次听到这首歌的时候也是这种感觉[多多捂脸],1,biliGayGay大绯闻,2025-04-24 15:42:02,1359356908,同感！我第一次听到这首歌的时候也是这种感觉多多捂脸,"['同感', '第一次', '听到', '首歌', '时候', '这种', '感觉', '多多', '捂脸']",9,2,0.44788846373558044,正面
网易云音乐,也许总有一天你也会明白我对你的好。,1,惗毅幂,2025-04-24 15:37:07,1359356908,也许总有一天你也会明白我对你的好。,"['也许', '总有一天', '明白']",3,1,0.3706556260585785,中性
网易云音乐,你说的对 但我不甘心,1,蚂蚁gqi,2025-04-24 15:30:17,1359356908,你说的对 但我不甘心,['甘心'],1,2,0.40371039509773254,正面
网易云音乐,加油哦，我也要中考了[大笑],1,一只小沐白i,2025-04-24 15:29:14,1359356908,加油哦，我也要中考了大笑,"['加油', '中考', '大笑']",3,1,0.41107335686683655,中性
网易云音乐,我们年级第一是个恋爱脑,1,长留此生clj,2025-04-24 15:20:14,1359356908,我们年级第一是个恋爱脑,"['我们', '年级', '第一', '恋爱']",4,2,0.5358396768569946,正面
网易云音乐,既然有缘为何不珍惜？既无缘又何必强求？,1,丐帮帮主肥宅月月,2025-04-24 15:11:53,1359356908,既然有缘为何不珍惜？既无缘又何必强求？,"['既然', '有缘', '为何', '珍惜', '无缘', '何必', '强求']",7,1,0.36914893984794617,中性
网易云音乐,但是你不让我淋雨的话 我会感动的,1,皮皮的音乐笔记,2025-04-24 15:08:58,1359356908,但是你不让我淋雨的话 我会感动的,"['不让', '淋雨', '的话', '我会', '感动']",5,2,0.47653728723526,正面
网易云音乐,我好像在听他给我发的语音！好幸福啊[流泪],1,薄荷音王子o,2025-04-24 14:57:38,1359356908,我好像在听他给我发的语音！好幸福啊流泪,"['好像', '给我发', '语音', '幸福', '流泪']",5,2,0.5240723490715027,正面
网易云音乐,可是我真的好想他啊[多多大哭],1,乾天道祖,2025-04-24 14:42:47,1359356908,可是我真的好想他啊多多大哭,"['真的', '多多', '大哭']",3,2,0.4780432879924774,正面
网易云音乐,你居然在20年后说时代眼泪[多多大哭],1,小狼狗M,2025-04-24 14:32:23,1359356908,你居然在年后说时代眼泪多多大哭,"['居然', '时代', '眼泪', '多多', '大哭']",5,2,0.4034922122955322,正面
网易云音乐,我听过最美的情话是“你放心去飞 我负责追”,1,Ghoostskill,2025-04-24 14:31:20,1359356908,我听过最美的情话是你放心去飞 我负责追,"['最美', '情话', '放心', '负责']",4,2,0.42960691452026367,正面
网易云音乐,或许我们真的错过了,1,Insidenca,2025-04-24 14:29:22,1359356908,或许我们真的错过了,"['或许', '我们', '真的', '错过']",4,1,0.3497012257575989,中性
网易云音乐,来啦,1,金熯酃,2025-04-24 14:26:25,1359356908,来啦,[],0,1,0.38942402601242065,中性
网易云音乐,晚安是对喜欢的人说的[可爱],1,木笙淋上雨,2025-04-24 14:18:18,1359356908,晚安是对喜欢的人说的可爱,"['晚安', '喜欢', '可爱']",3,2,0.5219454765319824,正面
网易云音乐,所以爱是什么 我不明白,1,笠是我捡的,2025-04-24 14:13:11,1359356908,所以爱是什么 我不明白,"['所以', '爱是', '明白']",3,1,0.40492406487464905,中性
网易云音乐,这,1,Elaine2106,2025-04-24 14:12:42,1359356908,这,[],0,1,0.39427873492240906,中性
网易云音乐,现在是午安[吐舌],1,ibi7o4o,2025-04-24 14:00:05,1359356908,现在是午安吐舌,"['现在', '午安', '吐舌']",3,2,0.4432360827922821,正面
网易云音乐,晚安,1,小鱼听jay-,2025-04-24 13:57:11,1359356908,晚安,['晚安'],1,2,0.41507139801979065,正面
网易云音乐,你让我觉得 我在爱里没尊严,1,浅陌ozx,2025-04-24 13:56:05,1359356908,你让我觉得 我在爱里没尊严,"['觉得', '爱里', '尊严']",3,2,0.4356585144996643,正面
网易云音乐,如果爱的话就不会 但是你不爱我所以会,1,莕仁宝宝,2025-04-24 13:55:41,1359356908,如果爱的话就不会 但是你不爱我所以会,"['的话', '不会', '所以']",3,2,0.4223635494709015,正面
网易云音乐,我不需要解药 因为我有你,1,饿坏了吧世界,2025-04-24 13:50:26,1359356908,我不需要解药 因为我有你,"['需要', '解药', '因为']",3,1,0.4107527434825897,中性
网易云音乐,爱是什么我不清楚，我只知道有你在我不害怕，你在我身边我会安心，你不在我心烦,1,捌月念肆,2025-04-24 13:44:15,1359356908,爱是什么我不清楚，我只知道有你在我不害怕，你在我身边我会安心，你不在我心烦,"['爱是', '清楚', '知道', '害怕', '身边', '我会', '安心', '心烦']",8,1,0.41912326216697693,中性
网易云音乐,“好模糊，我看不清你的爱，也看不清你”,1,淇屹,2025-04-24 13:33:18,1359356908,好模糊，我看不清你的爱，也看不清你,"['模糊', '看不清', '看不清']",3,1,0.3469638526439667,中性
网易云音乐,听,1,嘴角上扬blue,2025-04-24 13:30:53,1359356908,听,[],0,2,0.4537101089954376,正面
网易云音乐,"那些独自消化的情绪 才是我真正的生活

爱的最高境界是心疼可你始终不懂

往往是不经意间的温柔最能打动人

短暂出现的人是为了惩罚真诚的人

发文案是我唯一发泄情绪的方式了.

付出的真心是一种晦涩难懂的痛.

冷冰冰的字已经代表不了我的委屈.

我还是会偷偷去看你 不属于我的你",1,下1页幸福,2025-04-24 13:24:02,1359356908,那些独自消化的情绪 才是我真正的生活 爱的最高境界是心疼可你始终不懂 往往是不经意间的温柔最能打动人 短暂出现的人是为了惩罚真诚的人 发文案是我唯一发泄情绪的方式了 付出的真心是一种晦涩难懂的痛 冷冰冰的字已经代表不了我的委屈 我还是会偷偷去看你 不属于我的你,"['那些', '独自', '消化', '情绪', '真正', '生活', '最高', '境界', '心疼', '始终', '往往', '不经意', '温柔', '最能', '打动', '短暂', '出现', '为了', '惩罚', '真诚', '文案', '唯一', '发泄', '情绪', '方式', '付出', '真心', '一种', '晦涩', '难懂', '冷冰冰', '已经', '代表', '不了', '委屈', '偷偷', '属于']",37,2,0.485167533159256,正面
网易云音乐,"生活已经很痛了别再说刺痛我的话了.

能幸福我想一直幸福不能那我就一直不谈.

我开始信玄学知道我们是命中注定,

也许未来你也会找到懂你疼你更好的人.

若他不回应那并没必要继续纠缠了.

骗你呢 你看你还是这么好骗 就像他骗你一样 轻而易举

我站在清醒和麻木的边缘不能堕落也不能解脱.

",1,下1页幸福,2025-04-24 13:23:04,1359356908,生活已经很痛了别再说刺痛我的话了 能幸福我想一直幸福不能那我就一直不谈 我开始信玄学知道我们是命中注定 也许未来你也会找到懂你疼你更好的人 若他不回应那并没必要继续纠缠了 骗你呢 你看你还是这么好骗 就像他骗你一样 轻而易举 我站在清醒和麻木的边缘不能堕落也不能解脱,"['生活', '已经', '很痛', '再说', '刺痛', '的话', '幸福', '一直', '幸福', '不能', '一直', '不谈', '开始', '玄学', '知道', '我们', '命中注定', '也许', '未来', '找到', '更好', '回应', '必要', '继续', '纠缠', '这么', '好骗', '一样', '轻而易举', '清醒', '麻木', '边缘', '不能', '堕落', '不能', '解脱']",36,2,0.5101636648178101,正面
网易云音乐,"发了很久的呆 想了很久的你

记住我的好或者记住我就好.

暧昧不清的朋友忽冷忽热的恋人.

可你那天并没有看见我泛红的双眼

喜欢上你的那天到现在我还记得

不是说 念念不忘必有回响吗

爱你的同时忘掉了自己.

往事清零重新开始又是自己一个人.",1,下1页幸福,2025-04-24 13:21:45,1359356908,发了很久的呆 想了很久的你 记住我的好或者记住我就好 暧昧不清的朋友忽冷忽热的恋人 可你那天并没有看见我泛红的双眼 喜欢上你的那天到现在我还记得 不是说 念念不忘必有回响吗 爱你的同时忘掉了自己 往事清零重新开始又是自己一个人,"['发了', '记住', '或者', '记住', '暧昧', '不清', '朋友', '忽冷忽热', '恋人', '那天', '看见', '泛红', '双眼', '喜欢', '那天', '现在', '记得', '不是', '念念不忘', '必有', '回响', '同时', '忘掉', '往事', '清零', '重新', '开始']",27,2,0.5241178870201111,正面
网易云音乐,我的好 你后知后觉吗,1,不太乖Try,2025-04-24 13:17:11,1359356908,我的好 你后知后觉吗,['后知后觉'],1,2,0.4446255564689636,正面
网易云音乐,末班车啦,1,木讷_D,2025-04-24 13:06:32,1359356908,末班车啦,['末班车'],1,1,0.39475512504577637,中性
网易云音乐,你不了解我 你也不了解你自己。 晚安啦 婷婷,1,月亮月亮_Dex,2025-04-24 12:56:21,1359356908,你不了解我 你也不了解你自己。 晚安啦 婷婷,"['了解', '了解', '晚安', '婷婷']",4,2,0.45275449752807617,正面
网易云音乐,已婚当妈每次听颜人中的歌都想谈恋爱是咋回事[大哭],1,打翻醋坛子,2025-04-24 12:48:31,1359356908,已婚当妈每次听颜人中的歌都想谈恋爱是咋回事大哭,"['已婚', '当妈', '每次', '听颜人', '谈恋爱', '回事', '大哭']",7,2,0.4884352684020996,正面
网易云音乐,她给我分享的这首歌 是什么意思,1,XxxzTn,2025-04-24 12:20:00,1359356908,她给我分享的这首歌 是什么意思,"['分享', '首歌', '意思']",3,2,0.46909505128860474,正面
网易云音乐,上岸,1,眼在为你下雨,2025-04-24 12:14:52,1359356908,上岸,['上岸'],1,2,0.3916790783405304,正面
网易云音乐,曾经多少次牵肠拉扯的夜晚 到现在热情褪成陌路的感叹,1,烂命我也认,2025-04-24 11:43:29,1359356908,曾经多少次牵肠拉扯的夜晚 到现在热情褪成陌路的感叹,"['曾经', '牵肠', '拉扯', '夜晚', '现在', '热情', '褪成', '陌路', '感叹']",9,2,0.4329627752304077,正面
网易云音乐,晚安这个词太暧昧了 只准你对我讲,1,窝萌菲ovo,2025-04-24 11:15:25,1359356908,晚安这个词太暧昧了 只准你对我讲,"['晚安', '这个', '词太', '暧昧', '只准', '对我讲']",6,2,0.40025126934051514,正面
网易云音乐,睡不着？来我主页听听dj,1,琪琪琪_YQ,2025-04-24 10:56:45,1359356908,睡不着？来我主页听听dj,"['睡不着', '主页', '听听', 'dj']",4,1,0.4550906717777252,中性
网易云音乐,晚安,1,emotione_1,2025-04-24 10:29:53,1359356908,晚安,['晚安'],1,2,0.41507139801979065,正面
网易云音乐,回避型人格……,1,哦嚎l,2025-04-24 10:03:32,1359356908,回避型人格,"['回避', '人格']",2,2,0.535265326499939,正面
网易云音乐,晚安是留给爱的人！朋友我都是安！,1,哦嚎l,2025-04-24 10:02:19,1359356908,晚安是留给爱的人！朋友我都是安！,"['晚安', '留给', '朋友']",3,1,0.3873176872730255,中性
网易云音乐,不像啊🤔,1,小雨几时晴x,2025-04-24 09:43:19,1359356908,不像啊,['不像'],1,2,0.4518231451511383,正面
网易云音乐,不像,1,救赎的白帆,2025-04-24 09:39:04,1359356908,不像,['不像'],1,2,0.3995964229106903,正面
网易云音乐,这个歌咋有点像白羊,1,嘿大瑶,2025-04-24 08:47:21,1359356908,这个歌咋有点像白羊,"['这个', '有点像', '白羊']",3,2,0.46748223900794983,正面
网易云音乐,2025.4.24,1,東京記雨,2025-04-24 08:21:51,1359356908,,[],0,0,0.0,负面
网易云音乐,非要变得那么坏才能立足世界吗 可是我想当一辈子的小孩,1,从不对我说_ui,2025-04-24 08:05:35,1359356908,非要变得那么坏才能立足世界吗 可是我想当一辈子的小孩,"['变得', '那么', '才能', '立足', '世界', '一辈子', '小孩']",7,2,0.561680018901825,正面
网易云音乐,有时候也怪自己明明很想你却没有和你好好说话,1,从不对我说_ui,2025-04-24 08:05:01,1359356908,有时候也怪自己明明很想你却没有和你好好说话,"['有时候', '明明', '好好', '说话']",4,2,0.5008522272109985,正面
网易云音乐,来了,1,江遇可爱鬼,2025-04-24 07:57:27,1359356908,来了,[],0,2,0.40057268738746643,正面
网易云音乐,待我耗完这最后的爱 就放过自己,1,让雨停止,2025-04-24 07:49:24,1359356908,待我耗完这最后的爱 就放过自己,"['我耗', '最后', '放过']",3,1,0.3896527886390686,中性
网易云音乐,[多多大笑],1,笑笑爱笑Ya,2025-04-24 07:27:08,1359356908,多多大笑,"['多多', '大笑']",2,2,0.40420347452163696,正面
网易云音乐,可不可以爱我 只爱我,1,捌月念肆,2025-04-24 07:02:30,1359356908,可不可以爱我 只爱我,['可不可以'],1,1,0.40308520197868347,中性
网易云音乐,可我后悔了，怎么办,1,大厦研究冥想音乐,2025-04-24 06:47:12,1359356908,可我后悔了，怎么办,"['后悔', '怎么办']",2,2,0.36411505937576294,正面
网易云音乐,晚安啦King婷！,1,BHWBH,2025-04-24 05:29:38,1359356908,晚安啦King婷！,"['晚安', 'King']",2,2,0.40218421816825867,正面
网易云音乐,是梦都会醒,1,_阿景i,2025-04-24 05:13:31,1359356908,是梦都会醒,['会醒'],1,1,0.43404248356819153,中性
网易云音乐,你好啊 亲爱的陌生人,1,想念就說想念,2025-04-24 05:09:34,1359356908,你好啊 亲爱的陌生人,"['你好', '亲爱', '陌生人']",3,2,0.5129769444465637,正面
网易云音乐,早点睡,1,晓晓困_Tfvi,2025-04-24 05:06:55,1359356908,早点睡,['早点'],1,1,0.421712189912796,中性
网易云音乐,生日快乐,1,唉萌命难改,2025-04-24 04:51:24,1359356908,生日快乐,['生日快乐'],1,2,0.4327114522457123,正面
网易云音乐,晚安,1,唉萌命难改,2025-04-24 04:50:41,1359356908,晚安,['晚安'],1,2,0.41507139801979065,正面
网易云音乐,忽冷忽热是喜欢还是不喜欢...,1,唉萌命难改,2025-04-24 04:50:33,1359356908,忽冷忽热是喜欢还是不喜欢,"['忽冷忽热', '喜欢', '喜欢']",3,1,0.4298122525215149,中性
网易云音乐,晚安,1,猫泪印,2025-04-24 04:31:07,1359356908,晚安,['晚安'],1,2,0.41507139801979065,正面
网易云音乐,商雨菡 晚安 祝你有个好梦,1,之后会想起我吗,2025-04-24 03:18:05,1359356908,商雨菡 晚安 祝你有个好梦,"['商雨菡', '晚安']",2,2,0.4368513226509094,正面
网易云音乐,你不需要向任何人证明，你真的很棒很棒,1,小Yi同学--,2025-04-24 02:57:49,1359356908,你不需要向任何人证明，你真的很棒很棒,"['需要', '任何人', '证明', '真的', '很棒', '很棒']",6,2,0.45771366357803345,正面
网易云音乐,再见啦,1,JJJimLinjn,2025-04-24 02:57:21,1359356908,再见啦,['再见'],1,1,0.41492652893066406,中性
网易云音乐,妈咪小狗想你惹qaq,1,Hello天赋,2025-04-24 02:57:19,1359356908,妈咪小狗想你惹qaq,"['妈咪', '小狗', 'qaq']",3,1,0.4317083954811096,中性
网易云音乐,如果眼泪比爱多 那我们走到这里就可以了,1,小葵好困o,2025-04-24 02:28:05,1359356908,如果眼泪比爱多 那我们走到这里就可以了,"['眼泪', '爱多', '我们', '这里']",4,2,0.4631236493587494,正面
网易云音乐,😄😄😄,1,要剪微分碎盖,2025-04-24 02:24:03,1359356908,,[],0,0,0.0,负面
网易云音乐,郭梦红，晚安,1,蜉蝣梦丶,2025-04-24 02:23:53,1359356908,郭梦红，晚安,"['郭梦红', '晚安']",2,1,0.4086439907550812,中性
网易云音乐,你喜欢的人现在也不跟你说晚安嘛？听完晚安就让 Ta 沉睡在你的记忆中吧…,1,凯迪尔_0215,2025-04-24 02:17:23,1359356908,你喜欢的人现在也不跟你说晚安嘛？听完晚安就让 Ta 沉睡在你的记忆中吧,"['喜欢', '现在', '晚安', '晚安', '就让', 'Ta', '沉睡', '记忆']",8,2,0.5146875977516174,正面
网易云音乐,晚安,1,不如早点睡-_-p,2025-04-24 01:56:06,1359356908,晚安,['晚安'],1,2,0.41507139801979065,正面
网易云音乐,来了,1,雪糕姐姐-,2025-04-24 01:55:55,1359356908,来了,[],0,2,0.40057268738746643,正面
网易云音乐,不真诚的人吞一万个银针,1,x卉-,2025-04-24 01:52:24,1359356908,不真诚的人吞一万个银针,"['真诚', '一万个', '银针']",3,2,0.4865698218345642,正面
网易云音乐,陆……晚安，我真的真的真的好想回到以前…ʷᵒ ʰᵃᵒ ˣⁱᵃⁿᵍ ⁿⁱ ߹ᯅ߹，我真的好后悔遇见你，但又很高兴遇见你，我忘不了，真的真的忘不了与你最初那么那么快乐的时光…，我的生活是从有了你才一点都不空虚的，你知道吗？我真的很喜欢你，喜欢的可以为你放下一切，把一切都给你，喜欢的可以为你什么都全力以赴去做到…我真的好想念最初的那个你…,1,愛陸堅不棄,2025-04-24 01:52:02,1359356908,陆晚安，我真的真的真的好想回到以前ʷᵒ ʰᵃᵒ ˣⁱᵃⁿᵍ ⁿⁱ ᯅ，我真的好后悔遇见你，但又很高兴遇见你，我忘不了，真的真的忘不了与你最初那么那么快乐的时光，我的生活是从有了你才一点都不空虚的，你知道吗？我真的很喜欢你，喜欢的可以为你放下一切，把一切都给你，喜欢的可以为你什么都全力以赴去做到我真的好想念最初的那个你,"['晚安', '真的', '真的', '真的', '回到', '以前', '真的', '后悔', '遇见', '高兴', '遇见', '忘不了', '真的', '真的', '忘不了', '最初', '那么', '那么', '快乐', '时光', '生活', '是从', '一点', '空虚', '知道', '真的', '喜欢', '喜欢', '放下', '一切', '一切', '喜欢', '全力以赴', '做到', '真的', '想念', '最初', '那个']",38,2,0.36943069100379944,正面
网易云音乐,晚安hzt ,1,曦崽_Xxx,2025-04-24 01:41:35,1359356908,晚安hzt,"['晚安', 'hzt']",2,1,0.4810084104537964,中性
网易云音乐,晚安lyf ,1,曦崽_Xxx,2025-04-24 01:41:24,1359356908,晚安lyf,"['晚安', 'lyf']",2,2,0.3859741985797882,正面
网易云音乐,晚安sjf,1,轩_1222,2025-04-24 01:41:07,1359356908,晚安sjf,"['晚安', 'sjf']",2,1,0.4240344762802124,中性
网易云音乐,生日快乐,1,开封下起了小雨,2025-04-24 01:37:59,1359356908,生日快乐,['生日快乐'],1,2,0.4327114522457123,正面
网易云音乐,晚安💤,1,不用非死book,2025-04-24 01:35:21,1359356908,晚安,['晚安'],1,2,0.41507139801979065,正面
网易云音乐,今天生日，登上网易云，网易云给我放了生日快乐，,1,此账号已注销_7V6l,2025-04-24 01:33:03,1359356908,今天生日，登上网易云，网易云给我放了生日快乐，,"['今天', '生日', '登上', '网易', '网易', '云给', '生日快乐']",7,2,0.39715686440467834,正面
网易云音乐,你骗了我好多次 可我为了留住这份感情 也装傻充楞了好多好多次,1,雪下第一劍,2025-04-24 01:29:41,1359356908,你骗了我好多次 可我为了留住这份感情 也装傻充楞了好多好多次,"['多次', '为了', '留住', '这份', '感情', '装傻', '充楞', '好多好多']",8,2,0.42131465673446655,正面
网易云音乐,晚安,1,张星特不闭麦z,2025-04-24 01:25:37,1359356908,晚安,['晚安'],1,2,0.41507139801979065,正面
网易云音乐,会有人喜欢长相普通的我吗？,1,hill颖,2025-04-24 01:21:21,1359356908,会有人喜欢长相普通的我吗？,"['有人', '喜欢', '长相', '普通']",4,2,0.42837026715278625,正面
网易云音乐,晚安,1,Nobob1,2025-04-24 01:19:48,1359356908,晚安,['晚安'],1,2,0.41507139801979065,正面
网易云音乐,人总是会变的 有一天我问你会不会陪我走很远的路 会不会接受我的幼稚 忍耐我的脾气 你说当然 后来你总说睡着了没看手机或者在忙 我发现人都是会变的 每个离开的人最初都会说坚定陪你走下去 可到最后远到提起往事都要说从前,1,-小璇一,2025-04-24 01:18:03,1359356908,人总是会变的 有一天我问你会不会陪我走很远的路 会不会接受我的幼稚 忍耐我的脾气 你说当然 后来你总说睡着了没看手机或者在忙 我发现人都是会变的 每个离开的人最初都会说坚定陪你走下去 可到最后远到提起往事都要说从前,"['总是', '会变', '一天', '不会', '不会', '接受', '幼稚', '忍耐', '脾气', '当然', '后来', '睡着', '手机', '或者', '发现', '每个', '离开', '最初', '坚定', '陪你走', '下去', '最后', '远到', '提起', '往事', '要说', '从前']",27,2,0.5344670414924622,正面
网易云音乐,我不想内耗了，可我又舍不得，人呢还是那么矛盾，既然拒绝我表白，又为何和还有给我分享日常呢，啊啊啊啊啊，好不甘呢，“我不知道怎么谈恋爱”，好可笑的借口。[多多大笑][多多大笑][多多大笑][多多大笑],1,筱月魈,2025-04-24 01:14:19,1359356908,我不想内耗了，可我又舍不得，人呢还是那么矛盾，既然拒绝我表白，又为何和还有给我分享日常呢，啊啊啊啊啊，好不甘呢，我不知道怎么谈恋爱，好可笑的借口。多多大笑多多大笑多多大笑多多大笑,"['不想', '内耗', '舍不得', '那么', '矛盾', '既然', '拒绝', '表白', '为何', '分享', '日常', '啊啊啊', '不甘', '知道', '怎么', '谈恋爱', '可笑', '借口', '多多', '大笑', '多多', '大笑', '多多', '大笑', '多多', '大笑']",26,2,0.4802858829498291,正面
网易云音乐,晚安💤,1,天降云少,2025-04-24 01:14:01,1359356908,晚安,['晚安'],1,2,0.41507139801979065,正面
网易云音乐,喜欢你才说晚安的,1,熱帶雨林ii,2025-04-24 01:08:21,1359356908,喜欢你才说晚安的,"['喜欢', '晚安']",2,2,0.44893360137939453,正面
网易云音乐,我真的只喜欢你  也只和你说晚安,1,Y喵少爷,2025-04-24 01:06:12,1359356908,我真的只喜欢你 也只和你说晚安,"['真的', '喜欢', '晚安']",3,2,0.4328226149082184,正面
网易云音乐,当你焦虑内耗时，请一定记得，人生只是各种体验的叠加，只要你想，你就可以去做那些无意义的事，比如发呆，看日出，数星屋。你的体验，就是最大的意义。人生并不是一定要去做大家世俗认为有意义的事，意义是自己赋予的，人生是旷野不是轨道，只要当下你是享受的就是有意义的。,1,小析翊,2025-04-24 01:04:41,1359356908,当你焦虑内耗时，请一定记得，人生只是各种体验的叠加，只要你想，你就可以去做那些无意义的事，比如发呆，看日出，数星屋。你的体验，就是最大的意义。人生并不是一定要去做大家世俗认为有意义的事，意义是自己赋予的，人生是旷野不是轨道，只要当下你是享受的就是有意义的。,"['焦虑', '内耗', '一定', '记得', '人生', '各种', '体验', '叠加', '那些', '意义', '比如', '发呆', '日出', '数星屋', '体验', '最大', '意义', '人生', '不是', '一定', '大家', '世俗', '认为', '意义', '意义', '赋予', '人生', '旷野', '不是', '轨道', '当下', '享受', '意义']",33,2,0.3868734836578369,正面
网易云音乐,(◍•ᴗ•◍),1,一只哄你开心的猫猫虫咧,2025-04-24 01:01:27,1359356908,ᴗ,[],0,2,0.3843994736671448,正面
网易云音乐,摸摸,1,一只哄你开心的猫猫虫咧,2025-04-24 01:01:12,1359356908,摸摸,['摸摸'],1,2,0.42627084255218506,正面
网易云音乐,晚安dyn,1,地狱是我家明白,2025-04-24 00:59:40,1359356908,晚安dyn,"['晚安', 'dyn']",2,1,0.40428420901298523,中性
网易云音乐,晚安 咩咩,1,freezzzzzz,2025-04-24 00:56:03,1359356908,晚安 咩咩,['晚安'],1,1,0.4372579753398895,中性
网易云音乐,这里,1,戏腔boys,2025-04-24 00:56:01,1359356908,这里,['这里'],1,2,0.41187432408332825,正面
网易云音乐,这里,1,戏腔boys,2025-04-24 00:56:00,1359356908,这里,['这里'],1,2,0.41187432408332825,正面
网易云音乐,晚安 喵喵喵喵喵喵喵喵,1,我超浪漫的好吗,2025-04-24 00:55:41,1359356908,晚安 喵喵喵喵喵喵喵喵,['晚安'],1,2,0.4645806849002838,正面
网易云音乐,我不会回头的 但是我又不甘心 在这里没有人认识我 谁来听听我的故事,1,秋可寒,2025-04-24 00:54:06,1359356908,我不会回头的 但是我又不甘心 在这里没有人认识我 谁来听听我的故事,"['不会', '回头', '甘心', '这里', '认识', '听听', '故事']",7,2,0.4999583959579468,正面
网易云音乐,"晚安 还有17天～
",1,烦如心糟,2025-04-24 00:53:56,1359356908,晚安 还有天～,['晚安'],1,1,0.40390077233314514,中性
网易云音乐,替你们试过了 能好好做朋友就别发展成恋人。,1,秋可寒,2025-04-24 00:53:04,1359356908,替你们试过了 能好好做朋友就别发展成恋人。,"['你们', '试过', '好好', '朋友', '就别', '发展', '恋人']",7,2,0.45930320024490356,正面
网易云音乐,"“几人份的畅谈 道三两句晚安，
惹多情的遐想 却轻易地走散。”",1,秋可寒,2025-04-24 00:52:52,1359356908,几人份的畅谈 道三两句晚安， 惹多情的遐想 却轻易地走散。,"['几人份', '畅谈', '三两句', '晚安', '多情', '遐想', '轻易', '走散']",8,2,0.3828847408294678,正面
网易云音乐,25年了，再来听一次吧,1,好喜欢猫咪老师呐,2025-04-24 00:51:59,1359356908,年了，再来听一次吧,"['再来', '一次']",2,2,0.39264047145843506,正面
网易云音乐,在这,1,好喜欢猫咪老师呐,2025-04-24 00:51:35,1359356908,在这,[],0,2,0.4103144705295563,正面
网易云音乐,k 这是你当时最喜欢的歌 一听到这首就想起了当时的你 那时候的我们多好啊 现在却变成了最熟悉的陌生人 但是我不后悔 你教会了我很多事情 我长记性了 但是现在的我变了 不想了解其他人 也无法像以前一样热情了,1,秋可寒,2025-04-24 00:51:22,1359356908,k 这是你当时最喜欢的歌 一听到这首就想起了当时的你 那时候的我们多好啊 现在却变成了最熟悉的陌生人 但是我不后悔 你教会了我很多事情 我长记性了 但是现在的我变了 不想了解其他人 也无法像以前一样热情了,"['当时', '喜欢', '听到', '这首', '想起', '当时', '时候', '我们', '多好', '现在', '变成', '熟悉', '陌生人', '后悔', '教会', '很多', '事情', '我长', '记性', '现在', '不想', '了解', '其他人', '无法', '以前', '一样', '热情']",27,2,0.5230937004089355,正面
网易云音乐,晚安 阿福,1,我超浪漫的好吗,2025-04-24 00:48:48,1359356908,晚安 阿福,"['晚安', '阿福']",2,2,0.4188683331012726,正面
网易云音乐,晚安晚安是什么,1,AK--yy,2025-04-24 00:43:39,1359356908,晚安晚安是什么,"['晚安', '晚安']",2,2,0.45978590846061707,正面
网易云音乐,明年四月我再来,1,汪庚弋,2025-04-24 00:41:16,1359356908,明年四月我再来,"['明年', '四月']",2,1,0.39081406593322754,中性
网易云音乐,大宝晚安( ˘ω˘ ),1,-記l憶-,2025-04-24 00:41:09,1359356908,大宝晚安 ω,"['大宝', '晚安']",2,1,0.4210647940635681,中性
网易云音乐,嘘 别吵 我在等一批2025年4月的人,1,酱香饼_McVe,2025-04-24 00:39:20,1359356908,嘘 别吵 我在等一批年月的人,"['别吵', '一批']",2,2,0.4770697355270386,正面
网易云音乐,hi,1,竹石-亚欧地区花样装B大赛第一名,2025-04-24 00:39:03,1359356908,hi,['hi'],1,2,0.4191814064979553,正面
网易云音乐,陌生人晚安💤,1,鲨鱼0614,2025-04-24 00:31:55,1359356908,陌生人晚安,"['陌生人', '晚安']",2,1,0.41958633065223694,中性
网易云音乐,晚安,1,天天想周,2025-04-24 00:29:58,1359356908,晚安,['晚安'],1,2,0.41507139801979065,正面
网易云音乐,在这里呦,1,猴小宝宝宝,2025-04-24 00:28:35,1359356908,在这里呦,['这里'],1,2,0.42218685150146484,正面
网易云音乐,她的晚安还在吗,1,予悦yy,2025-04-24 00:28:01,1359356908,她的晚安还在吗,['晚安'],1,2,0.4446084797382355,正面
网易云音乐,小乖要早点睡觉咯，晚安。,1,许江宜_,2025-04-24 00:27:40,1359356908,小乖要早点睡觉咯，晚安。,"['小乖', '早点', '睡觉', '晚安']",4,1,0.48910826444625854,中性
网易云音乐,在呢在呢,1,佩皮尼昂霓虹紫西瓜,2025-04-24 00:24:23,1359356908,在呢在呢,[],0,2,0.470074862241745,正面
网易云音乐,谢谢,1,慕川of网易云,2025-04-24 00:18:46,1359356908,谢谢,['谢谢'],1,2,0.37449800968170166,正面
网易云音乐,也愿你每次都平平安安,1,慕川of网易云,2025-04-24 00:18:36,1359356908,也愿你每次都平平安安,"['每次', '平平安安']",2,1,0.3965171277523041,中性
网易云音乐,非常伟大的梦想，加油，一定会成功的,1,慕川of网易云,2025-04-24 00:18:21,1359356908,非常伟大的梦想，加油，一定会成功的,"['非常', '伟大', '梦想', '加油', '一定', '成功']",6,2,0.42819249629974365,正面
网易云音乐,这,1,若幸福就不听歌,2025-04-24 00:15:38,1359356908,这,[],0,1,0.39427873492240906,中性
网易云音乐,逼一个人对你好真的很没意思,1,有丶些,2025-04-24 00:14:51,1359356908,逼一个人对你好真的很没意思,"['你好', '真的', '没意思']",3,2,0.43570253252983093,正面
网易云音乐,晚安,1,待雨如晴,2025-04-24 00:13:53,1359356908,晚安,['晚安'],1,2,0.41507139801979065,正面
网易云音乐,好棒啊,1,懂我的敏感-,2025-04-24 00:13:42,1359356908,好棒啊,[],0,2,0.42713120579719543,正面
网易云音乐,好想出去淋雨哦～[憨笑][憨笑][憨笑],1,yangyang20_,2025-04-24 00:12:13,1359356908,好想出去淋雨哦～憨笑憨笑憨笑,"['出去', '淋雨', '憨笑', '憨笑', '憨笑']",5,2,0.5028753280639648,正面
网易云音乐,晚安,1,小_爱神,2025-04-24 00:11:34,1359356908,晚安,['晚安'],1,2,0.41507139801979065,正面
网易云音乐,@媛是我的一切 晚安,1,可我不善言表,2025-04-24 00:10:42,1359356908,媛是我的一切 晚安,"['一切', '晚安']",2,2,0.44834819436073303,正面
网易云音乐,在你眼中 我是什么样子的,1,x_睡個好覺叭,2025-04-24 00:10:11,1359356908,在你眼中 我是什么样子的,"['眼中', '样子']",2,2,0.4547836482524872,正面
网易云音乐,接,1,小鹿uv,2025-04-24 00:09:01,1359356908,接,[],0,0,0.35427558422088623,负面
网易云音乐,晚安💤,1,竹清清_,2025-04-24 00:06:14,1359356908,晚安,['晚安'],1,2,0.41507139801979065,正面
网易云音乐,说来奇怪 那天看到没有回复的信息以后我就真的开始新的生活了,1,-碎誓生锈-_,2025-04-24 00:05:39,1359356908,说来奇怪 那天看到没有回复的信息以后我就真的开始新的生活了,"['说来', '奇怪', '那天', '看到', '回复', '信息', '以后', '真的', '开始', '生活']",10,2,0.4994622766971588,正面
网易云音乐,最近热榜怎么都是我以前爱听的[大笑],1,Witd_798,2025-04-24 00:01:08,1359356908,最近热榜怎么都是我以前爱听的大笑,"['最近', '热榜', '怎么', '以前', '大笑']",5,2,0.4225703477859497,正面
网易云音乐,"哪个网易云十二周年，让我突然发觉这个歌已经是19年了吗
",1,素月1803,2025-04-24 00:00:18,1359356908,哪个网易云十二周年，让我突然发觉这个歌已经是年了吗,"['哪个', '网易', '十二', '周年', '突然', '发觉', '这个', '已经']",8,2,0.4653269052505493,正面
网易云音乐,安瑞敏,1,恨俊痛,2025-04-23 23:59:09,1359356908,安瑞敏,['安瑞敏'],1,2,0.4360535442829132,正面
网易云音乐,一直都很火,1,9_7iuk,2025-04-23 23:58:50,1359356908,一直都很火,['一直'],1,2,0.42842134833335876,正面
网易云音乐,晚安,1,9_7iuk,2025-04-23 23:58:26,1359356908,晚安,['晚安'],1,2,0.41507139801979065,正面
网易云音乐,曾经多少个牵着肠拉扯不舍的夜晚,1,说实话我还是介意你和她,2025-04-23 23:57:08,1359356908,曾经多少个牵着肠拉扯不舍的夜晚,"['曾经', '拉扯', '不舍', '夜晚']",4,1,0.3519608974456787,中性
网易云音乐,哈喽,1,茹拉拉拉,2025-04-23 23:55:48,1359356908,哈喽,[],0,1,0.4133865535259247,中性
网易云音乐,来了，隔壁没版权555,1,鹤酌,2025-04-23 23:53:42,1359356908,来了，隔壁没版权,"['隔壁', '版权']",2,2,0.40800487995147705,正面
网易云音乐,你上学背课文一定很牛吧 人家说的话人家自己都已经忘了 你还能倒背如流 ,1,大雾的尽头,2025-04-23 23:53:23,1359356908,你上学背课文一定很牛吧 人家说的话人家自己都已经忘了 你还能倒背如流,"['上学', '课文', '一定', '人家', '的话', '人家', '已经', '倒背如流']",8,2,0.5170180797576904,正面
网易云音乐,"这嗓音我的天 我太爱了哇！！！！！！

",1,听点能听的,2025-04-23 23:53:00,1359356908,这嗓音我的天 我太爱了哇！！！！！！,"['嗓音', '我太爱']",2,2,0.49806439876556396,正面
网易云音乐,"宝宝晚安 我希望你永远开心
",1,你总是叫我诺,2025-04-23 23:48:43,1359356908,宝宝晚安 我希望你永远开心,"['宝宝', '晚安', '希望', '永远', '开心']",5,2,0.42496350407600403,正面
网易云音乐,可是一个你和一个你很喜欢的人做朋友你会开心吗假如那天她带着她的对象来和你介绍你会好过吗,1,Parting专辑,2025-04-23 23:44:10,1359356908,可是一个你和一个你很喜欢的人做朋友你会开心吗假如那天她带着她的对象来和你介绍你会好过吗,"['喜欢', '朋友', '开心', '假如', '那天', '对象', '介绍']",7,2,0.5878521800041199,正面
网易云音乐,恨你突如其来的落差感 也念你最初那句晚安,1,不锈钢饭碗,2025-04-23 23:42:55,1359356908,恨你突如其来的落差感 也念你最初那句晚安,"['突如其来', '落差', '最初', '那句', '晚安']",5,2,0.42537665367126465,正面
网易云音乐,晚安,1,茉莉_7D,2025-04-23 23:42:40,1359356908,晚安,['晚安'],1,2,0.41507139801979065,正面
网易云音乐,可我还是觉得 不做恋人会很可惜,1,害羞3oO,2025-04-23 23:39:22,1359356908,可我还是觉得 不做恋人会很可惜,"['觉得', '恋人', '可惜']",3,1,0.3844679594039917,中性
网易云音乐,诶S1mon,1,番茄炒蛋-bw7,2025-04-23 23:37:43,1359356908,诶Smon,['Smon'],1,2,0.44417184591293335,正面
网易云音乐,晚安lsq,1,听不到鲸落uluvme,2025-04-23 23:37:13,1359356908,晚安lsq,"['晚安', 'lsq']",2,1,0.42178231477737427,中性
网易云音乐,晚安,1,听不到鲸落uluvme,2025-04-23 23:35:50,1359356908,晚安,['晚安'],1,2,0.41507139801979065,正面
网易云音乐,晚安不能对谁都说,1,窝素一只小勾,2025-04-23 23:33:22,1359356908,晚安不能对谁都说,"['晚安', '不能']",2,1,0.4598863124847412,中性
网易云音乐,加油,1,听不到鲸落uluvme,2025-04-23 23:32:51,1359356908,加油,['加油'],1,1,0.3995487689971924,中性
网易云音乐,我老师告诉我，只有懂得享受孤独的人，才能体会到更深层的精神内核，才能去思考更加高级的问题～所以一个人的人也许是适合去思考更深层问题的人～没必要羡慕别人吧～[亲亲][色],1,翎羽-zt,2025-04-23 23:31:40,1359356908,我老师告诉我，只有懂得享受孤独的人，才能体会到更深层的精神内核，才能去思考更加高级的问题～所以一个人的人也许是适合去思考更深层问题的人～没必要羡慕别人吧～亲亲色,"['老师', '告诉', '懂得', '享受', '孤独', '才能', '体会', '深层', '精神', '内核', '才能', '思考', '更加', '高级', '问题', '所以', '也许', '适合', '思考', '深层', '问题', '必要', '羡慕', '别人', '亲亲']",25,2,0.5429388284683228,正面
网易云音乐,如果睡觉可以逃避一切的话那我睡觉了,1,Hsun9_zuy,2025-04-23 23:30:16,1359356908,如果睡觉可以逃避一切的话那我睡觉了,"['睡觉', '逃避', '一切', '的话', '睡觉']",5,2,0.448727011680603,正面
网易云音乐,晚安,1,LYBRelease,2025-04-23 23:30:09,1359356908,晚安,['晚安'],1,2,0.41507139801979065,正面
网易云音乐,人呀，总是自我感动，就像每次都是你说晚安晚安晚安,1,李秋桐i,2025-04-23 23:28:58,1359356908,人呀，总是自我感动，就像每次都是你说晚安晚安晚安,"['总是', '自我', '感动', '每次', '晚安', '晚安', '晚安']",7,2,0.4106283485889435,正面
网易云音乐,如果到最后你是幸福的那我也无所谓.,1,黎_璇,2025-04-23 23:28:46,1359356908,如果到最后你是幸福的那我也无所谓,"['最后', '幸福', '无所谓']",3,2,0.398458868265152,正面
网易云音乐,我一个人也走了很远的路 我不将就.,1,黎_璇,2025-04-23 23:27:13,1359356908,我一个人也走了很远的路 我不将就,[],0,2,0.47557970881462097,正面
网易云音乐,你的誓言在那个晚上像青烟一样飘走了无影无踪.,1,黎_璇,2025-04-23 23:25:53,1359356908,你的誓言在那个晚上像青烟一样飘走了无影无踪,"['誓言', '那个', '晚上', '青烟', '一样', '飘走', '无影无踪']",7,2,0.3999028205871582,正面
网易云音乐,谁又会甘心看着她去牵别人的手,1,孤舟云客,2025-04-23 23:25:19,1359356908,谁又会甘心看着她去牵别人的手,"['甘心', '看着', '别人']",3,1,0.37391313910484314,中性
网易云音乐,改变不了你 所以我唯一能做的就是远离你.,1,黎_璇,2025-04-23 23:24:40,1359356908,改变不了你 所以我唯一能做的就是远离你,"['改变', '不了', '所以', '唯一', '远离']",5,1,0.4091508984565735,中性
网易云音乐,"幸福就像雨点 落不到每片树叶.

爱无解 如果有 那就是你.

我的名字那么短放在你心里就这么难吗.

我不是上帝 读不懂你的心思.

还是那句话 物质 陪伴 情绪 总要占一个.

没有行动的爱是废话.

想你 是夜深人静时的泪流满面.

[链接]送你一棵无忧树 许你以后无忧无虑.
",1,小柰呀-,2025-04-23 23:22:21,1359356908,幸福就像雨点 落不到每片树叶 爱无解 如果有 那就是你 我的名字那么短放在你心里就这么难吗 我不是上帝 读不懂你的心思 还是那句话 物质 陪伴 情绪 总要占一个 没有行动的爱是废话 想你 是夜深人静时的泪流满面 链接送你一棵无忧树 许你以后无忧无虑,"['幸福', '雨点', '不到', '每片', '树叶', '爱无解', '名字', '那么', '放在', '心里', '这么', '不是', '上帝', '心思', '那句话', '物质', '陪伴', '情绪', '总要', '行动', '废话', '夜深人静', '泪流满面', '链接', '一棵', '无忧', '以后', '无忧无虑']",28,2,0.5002513527870178,正面
网易云音乐,晚安,1,泪痛苦楚,2025-04-23 23:21:21,1359356908,晚安,['晚安'],1,2,0.41507139801979065,正面
网易云音乐,"晚安
",1,忘记不了那些痛_,2025-04-23 23:20:53,1359356908,晚安,['晚安'],1,2,0.41507139801979065,正面
网易云音乐,晚安,1,回忆最初的好,2025-04-23 23:20:50,1359356908,晚安,['晚安'],1,2,0.41507139801979065,正面
网易云音乐,无论今天过得怎么样，都希望你们可以好好睡觉，晚安啦,1,67love13,2025-04-23 23:20:31,1359356908,无论今天过得怎么样，都希望你们可以好好睡觉，晚安啦,"['无论', '今天', '过得', '怎么样', '希望', '你们', '好好', '睡觉', '晚安']",9,1,0.4332621991634369,中性
网易云音乐,hl,1,入東海-,2025-04-23 23:19:42,1359356908,hl,['hl'],1,1,0.44136691093444824,中性
网易云音乐,"红肿的眼睛 浓重的鼻音 是我爱过你的痕迹.

我爱你的一切 你可以爱我吗.

世界 让我幸福一次 就这么难吗.

你的宝宝那么多 我被挤来挤去很委屈.

如果没有你 我的世界早就崩塌了.

我站在清醒和麻木的边缘 不能堕落也不能解
脱.

风吹倒了梧桐树 也吹倒了我.

每天都像拆盲盒 总有不一样的苦难等着我.
",1,小柰呀-,2025-04-23 23:19:38,1359356908,红肿的眼睛 浓重的鼻音 是我爱过你的痕迹 我爱你的一切 你可以爱我吗 世界 让我幸福一次 就这么难吗 你的宝宝那么多 我被挤来挤去很委屈 如果没有你 我的世界早就崩塌了 我站在清醒和麻木的边缘 不能堕落也不能解 脱 风吹倒了梧桐树 也吹倒了我 每天都像拆盲盒 总有不一样的苦难等着我,"['红肿', '眼睛', '浓重', '鼻音', '爱过', '痕迹', '我爱你', '一切', '爱我吗', '世界', '幸福', '一次', '这么', '宝宝', '那么', '挤来挤去', '委屈', '世界', '早就', '崩塌', '清醒', '麻木', '边缘', '不能', '堕落', '不能', '吹倒', '梧桐树', '吹倒', '每天', '盲盒', '总有', '一样', '苦难']",34,2,0.5233238339424133,正面
网易云音乐,"可惜我不是你的only one

我故作狠心 结果才发现我离不开她.

到底要多漂亮的女孩 才能在爱里风生水起.

我就像花瓶一样 没花就是废品.

爱是我花钱都买不来的.

你若不嫌她素颜 她又怎么会嫌你没钱.

不知道什么是把妹王 只知道对你好是我的本能.

恋爱就像树叶 不是在绿就是在黄.

",1,小柰呀-,2025-04-23 23:17:08,1359356908,可惜我不是你的only one 我故作狠心 结果才发现我离不开她 到底要多漂亮的女孩 才能在爱里风生水起 我就像花瓶一样 没花就是废品 爱是我花钱都买不来的 你若不嫌她素颜 她又怎么会嫌你没钱 不知道什么是把妹王 只知道对你好是我的本能 恋爱就像树叶 不是在绿就是在黄,"['可惜', '不是', 'only', 'one', '故作', '狠心', '结果', '发现', '离不开', '到底', '漂亮', '女孩', '才能', '爱里', '风生水', '花瓶', '一样', '废品', '花钱', '不来', '素颜', '怎么', '知道', '妹王', '知道', '你好', '本能', '恋爱', '树叶', '不是']",30,2,0.5796497464179993,正面
网易云音乐,两句晚安,1,小i依旧,2025-04-23 23:16:58,1359356908,两句晚安,"['两句', '晚安']",2,2,0.41169700026512146,正面
网易云音乐,保护好自己才能保护好更多的人啊，记住了，加油哦,1,o我的天那,2025-04-23 23:16:11,1359356908,保护好自己才能保护好更多的人啊，记住了，加油哦,"['保护', '才能', '保护', '记住', '加油']",5,2,0.4115380346775055,正面
网易云音乐,痛苦总是不合时宜的出现,1,蒤侸,2025-04-23 23:15:34,1359356908,痛苦总是不合时宜的出现,"['痛苦', '总是', '不合时宜', '出现']",4,2,0.4296908676624298,正面
网易云音乐,晚安,1,冰雪博闻多识雪莲,2025-04-23 23:14:57,1359356908,晚安,['晚安'],1,2,0.41507139801979065,正面
网易云音乐,"了解我之后 就会讨厌我了.

我发誓 我不会再让她手臂上添半条疤.

爱是无辜的风筝 拉扯最在乎的人.

可能我不是最好的那个 但你不会遇到第二个我.

曾经我们也被羡慕 如今情难说出.

生活就像是一部老电影 永远是黑白两色.

我是一朵难养的花 你答应过会把我养好的.

你心里的那座城 终究属于谁呢.
",1,小柰呀-,2025-04-23 23:14:45,1359356908,了解我之后 就会讨厌我了 我发誓 我不会再让她手臂上添半条疤 爱是无辜的风筝 拉扯最在乎的人 可能我不是最好的那个 但你不会遇到第二个我 曾经我们也被羡慕 如今情难说出 生活就像是一部老电影 永远是黑白两色 我是一朵难养的花 你答应过会把我养好的 你心里的那座城 终究属于谁呢,"['了解', '之后', '讨厌', '发誓', '不会', '手臂', '上添', '半条', '爱是', '无辜', '风筝', '拉扯', '在乎', '可能', '不是', '最好', '那个', '不会', '遇到', '第二个', '曾经', '我们', '羡慕', '如今', '情难', '说出', '生活', '像是', '一部', '老电影', '永远', '黑白', '两色', '一朵', '难养', '答应', '过会', '我养', '心里', '那座', '终究', '属于']",42,2,0.4686465263366699,正面
网易云音乐,嘻嘻,1,冰雪博闻多识雪莲,2025-04-23 23:12:15,1359356908,嘻嘻,['嘻嘻'],1,1,0.38819649815559387,中性
网易云音乐,平安归来,1,安稳小雯,2025-04-23 23:12:13,1359356908,平安归来,"['平安', '归来']",2,2,0.3659478724002838,正面
网易云音乐,咋又火咯[西西疑问]（无恶意）,1,2Y-x,2025-04-23 23:11:24,1359356908,咋又火咯西西疑问（无恶意）,"['火咯', '西西', '疑问', '恶意']",4,2,0.40664350986480713,正面
网易云音乐,真的假的 楼丝,1,远离我--o,2025-04-23 23:11:21,1359356908,真的假的 楼丝,"['真的假', '楼丝']",2,2,0.3986773192882538,正面
网易云音乐,@TtbXuuu ,1,福福xuxu,2025-04-23 23:09:58,1359356908,TtbXuuu,['TtbXuuu'],1,2,0.3843994736671448,正面
网易云音乐,还在处吗,1,禁佰邪,2025-04-23 23:08:10,1359356908,还在处吗,[],0,2,0.4436788260936737,正面
网易云音乐,此时一个三年后存款十位数的人赞了我,1,别凶猪猪i,2025-04-23 23:07:20,1359356908,此时一个三年后存款十位数的人赞了我,"['此时', '三年', '存款', '十位数', '人赞']",5,2,0.4665900468826294,正面
网易云音乐,倘若那日誓言作数 这是我们的第二年,1,小猫咪小安,2025-04-23 23:05:55,1359356908,倘若那日誓言作数 这是我们的第二年,"['倘若', '那日', '誓言', '这是', '我们', '第二年']",6,2,0.408699631690979,正面
网易云音乐,人总是这样 心知肚明还有所期待,1,物质女孩终结者,2025-04-23 23:03:31,1359356908,人总是这样 心知肚明还有所期待,"['总是', '心知肚明', '期待']",3,1,0.4012746512889862,中性
网易云音乐,睡一觉就好了,1,恨你亿万次-,2025-04-23 23:03:17,1359356908,睡一觉就好了,['睡一觉'],1,1,0.4388867914676666,中性
网易云音乐,晚安 送给晚睡的你们,1,我只会哭为难你了,2025-04-23 23:03:14,1359356908,晚安 送给晚睡的你们,"['晚安', '送给', '晚睡', '你们']",4,1,0.40190553665161133,中性
网易云音乐,晚安,1,说话等掉哈,2025-04-23 23:02:39,1359356908,晚安,['晚安'],1,2,0.41507139801979065,正面
网易云音乐,晚安myw[爱心][爱心][爱心][爱心][爱心][爱心],1,小满爱电影,2025-04-23 23:02:17,1359356908,晚安myw爱心爱心爱心爱心爱心爱心,"['晚安', 'myw', '爱心', '爱心', '爱心', '爱心', '爱心', '爱心']",8,2,0.4123506546020508,正面
网易云音乐,我知道 总有一天 我会放下你 偶尔想起 也不会有波澜 我一直在骗我自己 企图让这个结局晚点来 但我忘了 就算开到0.5倍速 结局还是那个结局 都没变,1,一眼选中就是报应,2025-04-23 23:00:50,1359356908,我知道 总有一天 我会放下你 偶尔想起 也不会有波澜 我一直在骗我自己 企图让这个结局晚点来 但我忘了 就算开到倍速 结局还是那个结局 都没变,"['知道', '总有一天', '我会', '放下', '偶尔', '想起', '不会', '波澜', '一直', '企图', '这个', '结局', '晚点', '就算', '倍速', '结局', '那个', '结局', '没变']",19,2,0.49161139130592346,正面
网易云音乐, 枯燥生活中的一束光,1,我困在雨天里x,2025-04-23 22:59:31,1359356908,枯燥生活中的一束光,"['枯燥', '生活', '一束']",3,2,0.49253442883491516,正面
网易云音乐,"我对你说晚安,你对我说拜拜,或许是我在自找难堪",1,99岁老年梦,2025-04-23 22:58:20,1359356908,我对你说晚安你对我说拜拜或许是我在自找难堪,"['晚安', '拜拜', '或许', '自找', '难堪']",5,2,0.43832069635391235,正面
网易云音乐,"你的晚安 我的解药
",1,进击的自由羊,2025-04-23 22:57:14,1359356908,你的晚安 我的解药,"['晚安', '解药']",2,1,0.41874808073043823,中性
网易云音乐,真奇怪，今天又有点想你。我知道你身边很多人，我不是……你可能是无聊寂寞需要的时候我刚好在，我好像很可怕的会依赖的上瘾，清醒又糊涂的我，所以我知道你的随意也出动给你台阶，你下了，我好像还是在上上下下,1,Miss_Travel,2025-04-23 22:56:38,1359356908,真奇怪，今天又有点想你。我知道你身边很多人，我不是你可能是无聊寂寞需要的时候我刚好在，我好像很可怕的会依赖的上瘾，清醒又糊涂的我，所以我知道你的随意也出动给你台阶，你下了，我好像还是在上上下下,"['奇怪', '今天', '有点', '知道', '身边', '很多', '不是', '可能', '无聊', '寂寞', '需要', '时候', '刚好', '好像', '可怕', '依赖', '上瘾', '清醒', '糊涂', '所以', '知道', '随意', '出动', '台阶', '好像', '上上下下']",26,2,0.5259978175163269,正面
网易云音乐,嗨咯,1,不过尔尔886,2025-04-23 22:55:50,1359356908,嗨咯,[],0,2,0.425868421792984,正面
网易云音乐,来了,1,悲绪恒瑶,2025-04-23 22:51:54,1359356908,来了,[],0,2,0.40057268738746643,正面
网易云音乐,晚安。,1,李黛玉丶,2025-04-23 22:46:42,1359356908,晚安。,['晚安'],1,1,0.37506163120269775,中性
网易云音乐,666,1,夜霜玫瑰金黑糖,2025-04-23 22:45:21,1359356908,,[],0,0,0.0,负面
网易云音乐,王子兮和李嘉梁要永远在一起！,1,夜霜玫瑰金黑糖,2025-04-23 22:44:05,1359356908,王子兮和李嘉梁要永远在一起！,"['王子', '李嘉梁', '永远', '一起']",4,2,0.4203701913356781,正面
网易云音乐,晚安,1,彩虹市的K老板,2025-04-23 22:39:44,1359356908,晚安,['晚安'],1,2,0.41507139801979065,正面
网易云音乐,晚安～,1,萏蒂纳艾,2025-04-23 22:34:06,1359356908,晚安～,['晚安'],1,2,0.41188329458236694,正面
网易云音乐,天天开心,1,-林杺鸢,2025-04-23 22:33:35,1359356908,天天开心,['天天开心'],1,1,0.466487318277359,中性
网易云音乐,天天开心,1,-林杺鸢,2025-04-23 22:33:29,1359356908,天天开心,['天天开心'],1,1,0.466487318277359,中性
网易云音乐,晚安,1,-林杺鸢,2025-04-23 22:33:24,1359356908,晚安,['晚安'],1,2,0.41507139801979065,正面
网易云音乐,嘘 别吵 我在等一批2025年5月的人,1,-林杺鸢,2025-04-23 22:33:14,1359356908,嘘 别吵 我在等一批年月的人,"['别吵', '一批']",2,2,0.4770697355270386,正面
网易云音乐,晚安,1,見1面馬,2025-04-23 22:32:49,1359356908,晚安,['晚安'],1,2,0.41507139801979065,正面
网易云音乐,我不止一次说过我不想你离开我,1,-花图图-,2025-04-23 22:32:39,1359356908,我不止一次说过我不想你离开我,"['不止一次', '不想', '离开']",3,2,0.44756004214286804,正面
网易云音乐,曾经有个傻子 为了你不顾一切 最后换来的确实你的离开,1,-花图图-,2025-04-23 22:32:29,1359356908,曾经有个傻子 为了你不顾一切 最后换来的确实你的离开,"['曾经', '有个', '傻子', '为了', '不顾一切', '最后', '换来', '确实', '离开']",9,2,0.3929845690727234,正面
网易云音乐,我再也不要那么痛苦啦 以后我都不会那么痛苦啦,1,狠心俩字,2025-04-23 22:32:00,1359356908,我再也不要那么痛苦啦 以后我都不会那么痛苦啦,"['再也', '不要', '那么', '痛苦', '以后', '不会', '那么', '痛苦']",8,2,0.5080856680870056,正面
网易云音乐,晚安 你以后怎样都不关我的事了 我也不会窥探你的生活了,1,涵不涵0,2025-04-23 22:31:56,1359356908,晚安 你以后怎样都不关我的事了 我也不会窥探你的生活了,"['晚安', '以后', '怎样', '不关', '不会', '窥探', '生活']",7,2,0.4941995143890381,正面
网易云音乐,晚安💤,1,某白不知名使徒,2025-04-23 22:31:45,1359356908,晚安,['晚安'],1,2,0.41507139801979065,正面
网易云音乐,晚安,1,狠心俩字,2025-04-23 22:31:40,1359356908,晚安,['晚安'],1,2,0.41507139801979065,正面
网易云音乐,给你们说再见 没有以后啦,1,狠心俩字,2025-04-23 22:31:29,1359356908,给你们说再见 没有以后啦,"['你们', '再见', '以后']",3,2,0.3918439447879791,正面
网易云音乐,晚安哦，好梦,1,雁过时正听雨,2025-04-23 22:31:09,1359356908,晚安哦，好梦,['晚安'],1,1,0.4103846549987793,中性
网易云音乐,"你来过很多地方，却唯独没有来过的我主页，我亲爱的朋友 能来听听我的歌吗，，，，虽然比较小众，没什么人听过。[小红花]2025
期待",1,瓦达西白龙叠丝,2025-04-23 22:29:57,1359356908,你来过很多地方，却唯独没有来过的我主页，我亲爱的朋友 能来听听我的歌吗，，，，虽然比较小众，没什么人听过。小红花 期待,"['很多', '地方', '唯独', '主页', '亲爱', '朋友', '听听', '虽然', '比较', '没什么', '小红花', '期待']",12,2,0.5705275535583496,正面
网易云音乐,我也需要,1,-Ain繁花重度依赖-,2025-04-23 22:27:21,1359356908,我也需要,['需要'],1,2,0.4403449296951294,正面
网易云音乐,被动选无人在意就不会丢人了[亲亲],1,-Ain繁花重度依赖-,2025-04-23 22:26:45,1359356908,被动选无人在意就不会丢人了亲亲,"['被动', '无人', '在意', '不会', '丢人', '亲亲']",6,2,0.4758688807487488,正面
网易云音乐,记得注销账号,1,-Ain繁花重度依赖-,2025-04-23 22:26:03,1359356908,记得注销账号,"['记得', '注销', '账号']",3,1,0.4370996654033661,中性
网易云音乐,鹿晗老師加油 阿彌陀佛,1,小殼夫人,2025-04-23 22:24:01,1359356908,鹿晗老師加油 阿彌陀佛,"['鹿晗', '老師', '加油', '阿彌陀佛']",4,2,0.40072503685951233,正面
网易云音乐,好久不见 还在听吗？,1,厌弃烂回忆,2025-04-23 22:23:40,1359356908,好久不见 还在听吗？,['好久不见'],1,2,0.4517097473144531,正面
网易云音乐,哈喽,1,厌弃烂回忆,2025-04-23 22:21:06,1359356908,哈喽,[],0,1,0.4133865535259247,中性
网易云音乐,晚安,1,dd晚安a,2025-04-23 22:20:57,1359356908,晚安,['晚安'],1,2,0.41507139801979065,正面
网易云音乐,你很棒哟,1,一口喝99杯卡布奇诺,2025-04-23 22:20:48,1359356908,你很棒哟,['很棒'],1,2,0.45852482318878174,正面
网易云音乐,晚安,1,如果你是我的晴天y,2025-04-23 22:20:42,1359356908,晚安,['晚安'],1,2,0.41507139801979065,正面
网易云音乐,想你却又见不到你,1,如果你是我的晴天y,2025-04-23 22:19:58,1359356908,想你却又见不到你,['不到'],1,1,0.4222373366355896,中性
网易云音乐,"想你却又见不到你
",1,如果你是我的晴天y,2025-04-23 22:19:38,1359356908,想你却又见不到你,['不到'],1,1,0.4222373366355896,中性
网易云音乐,嗨,1,斯塔夫罗波尔徒步小提琴音乐,2025-04-23 22:17:58,1359356908,嗨,[],0,2,0.3642547130584717,正面
网易云音乐,i   likeyou,1,_t1ove,2025-04-23 22:17:52,1359356908,i likeyou,['likeyou'],1,1,0.4114982485771179,中性
网易云音乐,你好呀,1,我命由我不由天zsc,2025-04-23 22:17:02,1359356908,你好呀,['你好'],1,2,0.44844305515289307,正面
网易云音乐,！啊,1,Yang_c_T1Lw,2025-04-23 22:16:09,1359356908,！啊,[],0,2,0.4304277002811432,正面
网易云音乐,好棒哦 继续加油哦[可爱],1,漾醢,2025-04-23 22:05:25,1359356908,好棒哦 继续加油哦可爱,"['继续', '加油', '可爱']",3,2,0.4295733869075775,正面
网易云音乐,1.1倍速的好听[大笑],1,小烁嘛,2025-04-23 22:04:37,1359356908,倍速的好听大笑,"['倍速', '好听', '大笑']",3,2,0.457329124212265,正面
网易云音乐,聊天记录是不是越往上翻你就越爱我。越往下翻就是“我爱你”,1,听依碎碎念_Yi,2025-04-23 22:04:26,1359356908,聊天记录是不是越往上翻你就越爱我。越往下翻就是我爱你,"['聊天记录', '是不是', '越往', '越往', '我爱你']",5,2,0.49241021275520325,正面
网易云音乐,[多多大笑],1,文轩_yyrl,2025-04-23 22:02:24,1359356908,多多大笑,"['多多', '大笑']",2,2,0.40420347452163696,正面
网易云音乐,现在只记得你的晚安,1,回忆最是刺痛,2025-04-23 22:02:01,1359356908,现在只记得你的晚安,"['现在', '记得', '晚安']",3,2,0.42975112795829773,正面
网易云音乐,4月的,1,不要叫我欧马尾,2025-04-23 22:00:33,1359356908,月的,[],0,2,0.3992030620574951,正面
网易云音乐,1@nakks ,1,輪廓失,2025-04-23 22:00:17,1359356908,nakks,['nakks'],1,2,0.4215370714664459,正面
网易云音乐,我肯定是最晚一个听这个的人肯定没有比我更晚的了,1,圆乌龟,2025-04-23 21:58:56,1359356908,我肯定是最晚一个听这个的人肯定没有比我更晚的了,"['肯定', '最晚', '这个', '肯定']",4,2,0.44447633624076843,正面
网易云音乐,晚安,1,风-lx,2025-04-23 21:58:38,1359356908,晚安,['晚安'],1,2,0.41507139801979065,正面
网易云音乐,今天的点赞是蛋糕哦😜,1,静坐聆听新世纪伟大思想,2025-04-23 21:57:17,1359356908,今天的点赞是蛋糕哦,"['今天', '点赞', '蛋糕']",3,2,0.48261669278144836,正面
网易云音乐,"晚安，素未谋面的网易云歌迷们
",1,薪尽自然樑同学,2025-04-23 21:54:43,1359356908,晚安，素未谋面的网易云歌迷们,"['晚安', '素未谋面', '网易', '歌迷']",4,1,0.4636954069137573,中性
网易云音乐,其实，我只是想起你了，并不是想你……,1,薪尽自然樑同学,2025-04-23 21:54:02,1359356908,其实，我只是想起你了，并不是想你,"['想起', '不是']",2,1,0.3852660357952118,中性
网易云音乐,陌生人，我想听一句晚安,1,命运末影,2025-04-23 21:52:16,1359356908,陌生人，我想听一句晚安,"['陌生人', '一句', '晚安']",3,1,0.3998197317123413,中性
网易云音乐,"预告片：2026
被Crush倒追
期末考个理想的成绩
朋友都是真心的
一辈子没有烦恼
天天开心 事事顺利
冷知识：不会无缘无故刷到",1,范小淅,2025-04-23 21:52:08,1359356908,预告片： 被Crush倒追 期末考个理想的成绩 朋友都是真心的 一辈子没有烦恼 天天开心 事事顺利 冷知识：不会无缘无故刷到,"['预告片', 'Crush', '期末考', '理想', '成绩', '朋友', '真心', '一辈子', '烦恼', '天天开心', '事事', '顺利', '知识', '不会', '无缘无故', '刷到']",16,2,0.5103065967559814,正面
网易云音乐,谢谢,1,勿忘我_xFAz,2025-04-23 21:52:06,1359356908,谢谢,['谢谢'],1,2,0.37449800968170166,正面
网易云音乐,19年听的歌，现在还有人哦～,1,勿忘我_xFAz,2025-04-23 21:51:19,1359356908,年听的歌，现在还有人哦～,"['听的歌', '现在']",2,2,0.4861755967140198,正面
网易云音乐,开始下一段,1,勿忘我_xFAz,2025-04-23 21:50:52,1359356908,开始下一段,"['开始', '一段']",2,1,0.4026049077510834,中性
网易云音乐,就这个颜人中爆,1,秦简不勤Zzz,2025-04-23 21:48:49,1359356908,就这个颜人中爆,"['这个', '颜人']",2,2,0.41481655836105347,正面
网易云音乐,互粉,1,洋少且66,2025-04-23 21:45:46,1359356908,互粉,['互粉'],1,2,0.40874144434928894,正面
网易云音乐,晚安,1,要早睡ovo_,2025-04-23 21:43:33,1359356908,晚安,['晚安'],1,2,0.41507139801979065,正面
网易云音乐,祝网易云音乐12周年快乐,1,岳不美丽,2025-04-23 21:43:14,1359356908,祝网易云音乐周年快乐,"['网易', '音乐', '周年', '快乐']",4,1,0.4805261194705963,中性
网易云音乐,炀炀 晚安,1,唉又是阴天,2025-04-23 21:41:31,1359356908,炀炀 晚安,"['炀炀', '晚安']",2,2,0.43775951862335205,正面
网易云音乐,"淋淋晚安
",1,呆兔犯,2025-04-23 21:39:31,1359356908,淋淋晚安,"['淋淋', '晚安']",2,1,0.46273326873779297,中性
网易云音乐,澈澈晚安哟～记得照顾好自己，你的妈妈一定会赢！[越来越好][一路顺风][约定]祝澈澈妈妈会赢！,1,Lizixuan226,2025-04-23 21:36:14,1359356908,澈澈晚安哟～记得照顾好自己，你的妈妈一定会赢！越来越好一路顺风约定祝澈澈妈妈会赢！,"['澈澈', '晚安', '记得', '照顾', '妈妈', '一定', '越来越', '一路顺风', '约定', '祝澈澈', '妈妈']",11,2,0.4401291310787201,正面
网易云音乐,我会忘掉的 我会忘掉你站在我身边 低头听我说话的样子 我会忘掉你牵我手的感觉 我会忘掉你身上的味道 我会忘掉每次见面的开心 我会忘掉去见你时的期盼 我会忘掉一切一切 你的脸 你的笑我也会忘掉的 我始终记得第一次见你的模样 难免有点哽咽,1,如果可以我想订一份好的睡眠,2025-04-23 21:35:06,1359356908,我会忘掉的 我会忘掉你站在我身边 低头听我说话的样子 我会忘掉你牵我手的感觉 我会忘掉你身上的味道 我会忘掉每次见面的开心 我会忘掉去见你时的期盼 我会忘掉一切一切 你的脸 你的笑我也会忘掉的 我始终记得第一次见你的模样 难免有点哽咽,"['我会', '忘掉', '我会', '忘掉', '身边', '低头', '说话', '样子', '我会', '忘掉', '感觉', '我会', '忘掉', '身上', '味道', '我会', '忘掉', '每次', '见面', '开心', '我会', '忘掉', '期盼', '我会', '忘掉', '一切', '一切', '忘掉', '始终', '记得', '第一次', '模样', '难免', '有点', '哽咽']",35,2,0.5654284358024597,正面
网易云音乐,晚安,1,Eazinx,2025-04-23 21:34:57,1359356908,晚安,['晚安'],1,2,0.41507139801979065,正面
网易云音乐,晚安大同---早点睡颜人中[越来越好],1,小小君绝,2025-04-23 21:33:51,1359356908,晚安大同早点睡颜人中越来越好,"['晚安', '大同', '早点', '睡颜人', '越来越']",5,2,0.45770886540412903,正面
网易云音乐,依然想他    依然想听他的晚安,1,虎皮鹌鹑蛋红烧you,2025-04-23 21:33:17,1359356908,依然想他 依然想听他的晚安,"['依然', '依然', '晚安']",3,2,0.4564199149608612,正面
网易云音乐,"雪花再一次飘落这一次你能不能握紧我的手

我试着去翻到回忆 却再也找不回原来的我们

感动代替不了感情 念旧再也回不到曾经

零零散散的世界 遇见你是我最大的幸福

心疼吗 心疼就好好爱一次

人最笨的时候就是什么都想要问清楚",1,涛涛不绝P,2025-04-23 21:31:52,1359356908,雪花再一次飘落这一次你能不能握紧我的手 我试着去翻到回忆 却再也找不回原来的我们 感动代替不了感情 念旧再也回不到曾经 零零散散的世界 遇见你是我最大的幸福 心疼吗 心疼就好好爱一次 人最笨的时候就是什么都想要问清楚,"['雪花', '一次', '飘落', '一次', '不能', '握紧', '我试', '翻到', '回忆', '再也', '原来', '我们', '感动', '代替', '不了', '感情', '念旧', '再也', '不到', '曾经', '零零散散', '世界', '遇见', '最大', '幸福', '心疼', '心疼', '好好', '一次', '最笨', '时候', '想要', '清楚']",33,2,0.4859269857406616,正面
网易云音乐,so,1,是一只小小的小曦子呀,2025-04-23 21:31:11,1359356908,so,['so'],1,2,0.3962826728820801,正面
网易云音乐,未成年的恋爱真的会有结果吗？,1,不是走了啊,2025-04-23 21:27:55,1359356908,未成年的恋爱真的会有结果吗？,"['未成年', '恋爱', '真的', '结果']",4,2,0.36873406171798706,正面
网易云音乐,哪有人愿意自杀嘛 她只是渴望被爱而已.,1,约定风平,2025-04-23 21:26:45,1359356908,哪有人愿意自杀嘛 她只是渴望被爱而已,"['有人', '愿意', '自杀', '渴望', '而已']",5,2,0.4756585657596588,正面
网易云音乐,嗨~晚安,1,这么圆哟,2025-04-23 21:24:27,1359356908,嗨晚安,['晚安'],1,1,0.4612051546573639,中性
网易云音乐,我不怪路不平我怪自己没看清.,1,约定风平,2025-04-23 21:23:45,1359356908,我不怪路不平我怪自己没看清,"['不怪', '不平', '我怪', '看清']",4,1,0.42482292652130127,中性
网易云音乐,圆周率没有尽头人们也只记得开头.,1,约定风平,2025-04-23 21:23:40,1359356908,圆周率没有尽头人们也只记得开头,"['圆周率', '尽头', '人们', '记得', '开头']",5,2,0.47703227400779724,正面
网易云音乐,时间教会了我两样东西珍惜和放弃.,1,约定风平,2025-04-23 21:23:34,1359356908,时间教会了我两样东西珍惜和放弃,"['时间', '教会', '两样', '东西', '珍惜', '放弃']",6,2,0.3698018193244934,正面
网易云音乐,看着树上掉下的落叶就像破碎了自己.,1,约定风平,2025-04-23 21:23:29,1359356908,看着树上掉下的落叶就像破碎了自己,"['看着', '树上', '落叶', '破碎']",4,2,0.4587318003177643,正面
网易云音乐,我需要你的千言万语嘛 我只要你待我如初.,1,约定风平,2025-04-23 21:23:23,1359356908,我需要你的千言万语嘛 我只要你待我如初,"['需要', '千言万语', '如初']",3,2,0.3967096209526062,正面
网易云音乐,总有个小孩 为了爱伤痕累累.,1,约定风平,2025-04-23 21:23:17,1359356908,总有个小孩 为了爱伤痕累累,"['总有', '小孩', '为了', '伤痕累累']",4,1,0.4026716947555542,中性
网易云音乐,生活不像电影所以我告诉自己没关系.,1,约定风平,2025-04-23 21:23:11,1359356908,生活不像电影所以我告诉自己没关系,"['生活', '不像', '电影', '所以', '告诉', '没关系']",6,2,0.4262135922908783,正面
网易云音乐,幸福就是找一个和自己一样有良心的人.,1,约定风平,2025-04-23 21:23:04,1359356908,幸福就是找一个和自己一样有良心的人,"['幸福', '一样', '良心']",3,2,0.43961745500564575,正面
网易云音乐,可能是我运气不行遇见的人都不太真诚,1,约定风平,2025-04-23 21:22:57,1359356908,可能是我运气不行遇见的人都不太真诚,"['可能', '运气', '不行', '遇见', '真诚']",5,2,0.49174270033836365,正面
网易云音乐,我需要一个站在我身边的而不是指责我的.,1,约定风平,2025-04-23 21:22:50,1359356908,我需要一个站在我身边的而不是指责我的,"['需要', '身边', '不是', '指责']",4,2,0.45018690824508667,正面
网易云音乐,我走向你你选择别人于是我不言不语.,1,约定风平,2025-04-23 21:22:44,1359356908,我走向你你选择别人于是我不言不语,"['走向', '选择', '别人', '于是', '不言不语']",5,1,0.4038536846637726,中性
网易云音乐,我唯一不后悔的就是与你相识,1,约定风平,2025-04-23 21:22:37,1359356908,我唯一不后悔的就是与你相识,"['唯一', '后悔', '相识']",3,1,0.38576051592826843,中性
网易云音乐,"一路有你的陪伴,便是我最大的荣幸",1,约定风平,2025-04-23 21:22:32,1359356908,一路有你的陪伴便是我最大的荣幸,"['一路', '陪伴', '便是', '最大', '荣幸']",5,2,0.419485867023468,正面
网易云音乐,心情不好的时候别忘了你身后还有个我,1,约定风平,2025-04-23 21:22:24,1359356908,心情不好的时候别忘了你身后还有个我,"['心情', '不好', '时候', '别忘了', '身后']",5,2,0.4228706657886505,正面
网易云音乐,我想要很多很多爱或者很短很短的命.,1,约定风平,2025-04-23 21:22:18,1359356908,我想要很多很多爱或者很短很短的命,"['想要', '很多很多', '或者']",3,2,0.4145611822605133,正面
网易云音乐,幸福是一场豪赌眼泪是我的赌注.,1,约定风平,2025-04-23 21:22:14,1359356908,幸福是一场豪赌眼泪是我的赌注,"['幸福', '一场', '豪赌', '眼泪', '赌注']",5,1,0.4057891070842743,中性
网易云音乐,心碎无声无息你又怎么会注意到呢.,1,约定风平,2025-04-23 21:22:09,1359356908,心碎无声无息你又怎么会注意到呢,"['心碎', '无声无息', '怎么', '注意']",4,2,0.3862924873828888,正面
网易云音乐,别对世界充满希望站在楼顶就知道结果.,1,约定风平,2025-04-23 21:22:03,1359356908,别对世界充满希望站在楼顶就知道结果,"['世界', '充满希望', '楼顶', '知道', '结果']",5,1,0.4370678663253784,中性
网易云音乐,是我不配幸福嘛还是幸福轮不到我.,1,约定风平,2025-04-23 21:21:59,1359356908,是我不配幸福嘛还是幸福轮不到我,"['不配', '幸福', '幸福', '轮不到']",4,2,0.4445812404155731,正面
网易云音乐,后来明白了真正的离开是悄无声息的.,1,约定风平,2025-04-23 21:21:51,1359356908,后来明白了真正的离开是悄无声息的,"['后来', '明白', '真正', '离开', '悄无声息']",5,1,0.4247281551361084,中性
网易云音乐,我试着去翻到回忆 却再也找不回原来的我们,1,涛涛不绝P,2025-04-23 21:16:31,1359356908,我试着去翻到回忆 却再也找不回原来的我们,"['我试', '翻到', '回忆', '再也', '原来', '我们']",6,2,0.40283915400505066,正面
网易云音乐,用这个音乐配上舍不得删的团体照,1,天真是泪本质,2025-04-23 21:15:06,1359356908,用这个音乐配上舍不得删的团体照,"['这个', '音乐', '舍不得', '团体照']",4,2,0.4542466700077057,正面
网易云音乐,好听啊。,1,笑笑吖_1540,2025-04-23 21:04:32,1359356908,好听啊。,['好听'],1,2,0.3718733787536621,正面
网易云音乐,你永远不会知道 那个为了你失去理智的人 突然安静下来 不哭不闹 不会打扰 她是经历了怎样的心疼 算了 你也不会心疼.,1,Re_緗,2025-04-23 21:04:31,1359356908,你永远不会知道 那个为了你失去理智的人 突然安静下来 不哭不闹 不会打扰 她是经历了怎样的心疼 算了 你也不会心疼,"['永远', '不会', '知道', '那个', '为了', '失去', '理智', '突然', '安静下来', '不哭', '不闹', '不会', '打扰', '经历', '怎样', '心疼', '算了', '不会', '心疼']",19,2,0.4628604054450989,正面
网易云音乐,"三字  难重逢.

无所谓无人在意.

好烦  好累 好想哭.

我堆积的思念你能听见吗.

你总说我变了而是我经历了太多.

相遇不一定有结局 但一定有意义.

情绪上头的时候除了崩溃还是崩溃.

周围都是漂亮的花 确实没有必要选我.",1,i翻-篇,2025-04-23 21:00:54,1359356908,三字 难重逢 无所谓无人在意 好烦 好累 好想哭 我堆积的思念你能听见吗 你总说我变了而是我经历了太多 相遇不一定有结局 但一定有意义 情绪上头的时候除了崩溃还是崩溃 周围都是漂亮的花 确实没有必要选我,"['三字', '重逢', '无所谓', '无人', '在意', '好烦', '好想哭', '堆积', '思念', '听见', '而是', '经历', '相遇', '一定', '结局', '一定', '意义', '情绪', '上头', '时候', '除了', '崩溃', '崩溃', '周围', '漂亮', '确实', '必要']",27,2,0.4786510169506073,正面
网易云音乐,"你的语气 我的天气.

泪水打湿我的眼眶 我们也难回到从前.

拧巴的人总在充当明媚的角色.

你总是轻描淡写背后的痛你是句句不提.

还记得吗你说爱我的那年.

可我也讨厌我那阴晴不定的性格.

顺其自然爱自有天意.

如果我是薄情寡义的人 那凌晨流泪的人就不会是我.",1,i翻-篇,2025-04-23 21:00:41,1359356908,你的语气 我的天气 泪水打湿我的眼眶 我们也难回到从前 拧巴的人总在充当明媚的角色 你总是轻描淡写背后的痛你是句句不提 还记得吗你说爱我的那年 可我也讨厌我那阴晴不定的性格 顺其自然爱自有天意 如果我是薄情寡义的人 那凌晨流泪的人就不会是我,"['语气', '天气', '泪水', '打湿', '眼眶', '我们', '回到', '从前', '充当', '明媚', '角色', '总是', '轻描淡写', '背后', '句句', '不提', '记得', '那年', '讨厌', '阴晴不定', '性格', '顺其自然', '自有', '天意', '薄情', '寡义', '凌晨', '流泪', '不会']",29,2,0.4856957197189331,正面
网易云音乐,"选我吧 稳赢.

共情的不是文案  是曾经的我.

幸福是块昂贵的蛋糕 我始终还未品尝.

你总以为我在跟你妥协 其实我在跟你告别.

在眼泪中 我看清了我们的距离.

可惜爱不是诗 我只能欲言又止.

嘴上说着无所谓 心里怎会不流泪.

突然的早睡 永远代替不开心.",1,i翻-篇,2025-04-23 21:00:30,1359356908,选我吧 稳赢 共情的不是文案 是曾经的我 幸福是块昂贵的蛋糕 我始终还未品尝 你总以为我在跟你妥协 其实我在跟你告别 在眼泪中 我看清了我们的距离 可惜爱不是诗 我只能欲言又止 嘴上说着无所谓 心里怎会不流泪 突然的早睡 永远代替不开心,"['稳赢', '共情', '不是', '文案', '曾经', '幸福', '昂贵', '蛋糕', '始终', '品尝', '总以为', '妥协', '告别', '眼泪', '看清', '我们', '距离', '可惜', '不是', '只能', '欲言又止', '嘴上', '无所谓', '心里', '怎会', '流泪', '突然', '早睡', '永远', '代替', '开心']",31,2,0.5048725008964539,正面
网易云音乐,"零下的冬 炽热的爱 又是一个人.

没有靠山的时候就往自己身上靠靠.

陪一根 敬我们不堪的回忆.

可惜我心软 做不到失我者永失.

那一年 我们也说过永远.

没有深清专一只是爱了一个人很久很久.

怎么分了你不是说他是你的挚爱吗

今年的冬天能一起看雪吗.",1,i翻-篇,2025-04-23 21:00:17,1359356908,零下的冬 炽热的爱 又是一个人 没有靠山的时候就往自己身上靠靠 陪一根 敬我们不堪的回忆 可惜我心软 做不到失我者永失 那一年 我们也说过永远 没有深清专一只是爱了一个人很久很久 怎么分了你不是说他是你的挚爱吗 今年的冬天能一起看雪吗,"['零下', '炽热', '靠山', '时候', '身上', '靠靠', '一根', '我们', '不堪', '回忆', '可惜', '心软', '不到', '我者', '永失', '一年', '我们', '永远', '深清', '专一', '很久很久', '怎么', '不是', '挚爱', '今年', '冬天', '一起', '看雪']",28,2,0.5001164078712463,正面
网易云音乐,"其实我很清楚 我很委屈 你也是.

我爱每一个陪伴过我的人.

记忆中的你太好了难忘也难说.

如果相处太累及时告别没有错.

我总想等等再等等.

聊天记录往上翻回到你爱我的瞬间.

黑名单里躺着的都是曾经的VIP.

如果梦里有我想要的 那我一定早睡.

今年冬天格外的冷 遗憾你比冬天先离开.",1,i翻-篇,2025-04-23 21:00:05,1359356908,其实我很清楚 我很委屈 你也是 我爱每一个陪伴过我的人 记忆中的你太好了难忘也难说 如果相处太累及时告别没有错 我总想等等再等等 聊天记录往上翻回到你爱我的瞬间 黑名单里躺着的都是曾经的VIP 如果梦里有我想要的 那我一定早睡 今年冬天格外的冷 遗憾你比冬天先离开,"['清楚', '委屈', '陪伴', '记忆', '太好了', '难忘', '难说', '相处', '太累', '及时', '告别', '总想', '等等', '等等', '聊天记录', '往上', '回到', '瞬间', '黑名单', '曾经', 'VIP', '梦里', '想要', '一定', '早睡', '今年冬天', '格外', '遗憾', '冬天', '离开']",30,2,0.5102957487106323,正面
网易云音乐,"我想要的从来都不是一句对不起.

我爱你可你好像不爱我.

会幸福吗 他好像不耐烦了.

受不了我情绪就不要跟我永远.

所有的原谅 其实因为都是不想失去.

唯一能伤害到我的都是我在意的.

为你流过的泪 回头打滑告诉我没必要.

你每次生气的时候总会拿我脾气说事.",1,i翻-篇,2025-04-23 20:59:51,1359356908,我想要的从来都不是一句对不起 我爱你可你好像不爱我 会幸福吗 他好像不耐烦了 受不了我情绪就不要跟我永远 所有的原谅 其实因为都是不想失去 唯一能伤害到我的都是我在意的 为你流过的泪 回头打滑告诉我没必要 你每次生气的时候总会拿我脾气说事,"['想要', '从来', '不是', '一句', '对不起', '我爱你', '好像', '不爱', '幸福', '好像', '不耐烦', '受不了', '情绪', '不要', '永远', '所有', '原谅', '因为', '不想', '失去', '唯一', '伤害', '在意', '流过', '回头', '打滑', '告诉', '必要', '每次', '生气', '时候', '总会', '脾气', '说事']",34,2,0.5720223188400269,正面
网易云音乐,罐头鱼 晚安,1,冬京总是雨,2025-04-23 20:59:17,1359356908,罐头鱼 晚安,"['罐头', '晚安']",2,1,0.44021040201187134,中性
网易云音乐,都说失去了才会懂得珍惜其实珍惜过后失去比什么都痛,1,诺糯不爱吃鱼,2025-04-23 20:58:43,1359356908,都说失去了才会懂得珍惜其实珍惜过后失去比什么都痛,"['失去', '懂得', '珍惜', '珍惜', '过后', '失去']",6,2,0.38464054465293884,正面
网易云音乐,我本来是要淋雨的，你非要给我撑伞，我会走不快，你也会淋湿，到头来你还要埋怨我。,1,诺糯不爱吃鱼,2025-04-23 20:57:28,1359356908,我本来是要淋雨的，你非要给我撑伞，我会走不快，你也会淋湿，到头来你还要埋怨我。,"['本来', '淋雨', '非要', '撑伞', '我会', '不快', '淋湿', '到头来', '还要', '埋怨']",10,2,0.4378150403499603,正面
网易云音乐,这没骨气 心情好就原谅整个世界,1,敏感使我共鸣,2025-04-23 20:55:47,1359356908,这没骨气 心情好就原谅整个世界,"['没骨气', '心情', '原谅', '整个', '世界']",5,2,0.46224990487098694,正面
网易云音乐,4月23,1,酒店学习巴西爵士,2025-04-23 20:52:22,1359356908,月,[],0,2,0.33873340487480164,正面
网易云音乐,云南天气好不好 你好不好,1,yin_ilove,2025-04-23 20:47:35,1359356908,云南天气好不好 你好不好,"['云南', '天气', '好不好', '好不好']",4,2,0.4455435276031494,正面
